time,nuts_id,cntr_code,name_latn,t_mean,t_min,t_min_min,t_max,t_max_max,t_max_35,t_max_40,fd,hd,cd,t_sd,t_diff_1981_2010,t_diff_1991_2020,t_diff_1990_2021,pr_total,pr_mean,pr_max_1day,pr_max_3day,cdd,pr_diff_1981_2010,pr_diff_1991_2020,pr_diff_1990_2021,snow_total,snow_mean,ws_mean
1990-01-31,CY000,CY,Kýpros,9.7530603,6.6575813,3.4192567,13.07706,16.062553,0,0,.33729976,5.7469397,0,1.4150105,-1.4075787,-1.7409198,-1.7464695,28.382105,.91555178,7.96628,14.722929,13.953335,-30.230694,-34.689659,-33.532963,7.7317497e-07,2.4941128e-08,2.6116173
1990-02-28,CY000,CY,Kýpros,10.792075,7.9354291,4.6843309,13.942559,17.404572,0,0,.054685969,4.7079248,0,1.4005678,-.52439749,-1.1512711,-1.1595812,76.59726,2.7356164,19.440102,38.597427,8.5818262,24.905792,25.74301,25.988779,.000011708489,4.1816031e-07,3.2756753
1990-03-31,CY000,CY,Kýpros,13.590572,9.5829144,7.2955141,17.970743,21.426674,0,0,0,2.339844,0,1.287129,.11068171,-.61004841,-.58271712,19.297077,.62248635,9.2189217,11.570071,18.02454,-20.599787,-17.263578,-16.642696,-1.7322600e-07,-5.5879354e-09,2.5835636
1990-04-30,CY000,CY,Kýpros,16.911987,12.20525,8.1435118,21.677937,30.812576,0,0,0,.83856714,0,3.2780905,-.18189874,-.59820187,-.5905745,4.998673,.16662243,1.2363472,1.5515059,25.404318,-18.235584,-21.658688,-20.716749,1.6763806e-07,5.5879354e-09,2.6036239
1990-05-31,CY000,CY,Kýpros,21.235867,16.447216,10.230421,25.882776,35.183754,2.3595228,0,0,.021572245,.62969637,4.118269,-.13716148,-.61441165,-.64573002,7.0903912,.22872229,5.074697,6.1618223,18.775179,-10.03822,-16.293251,-15.053786,8.6612999e-08,2.7939677e-09,2.3660958
1990-06-30,CY000,CY,Kýpros,25.188623,20.544096,13.454661,29.759489,34.666447,2.2026005,0,0,0,3.140255,2.8251865,-.5790903,-.93192029,-.87699246,1.4136876,.047122922,.65077114,.89540076,28.015814,-4.366611,-4.5720844,-4.3713975,0,0,2.5145125
1990-07-31,CY000,CY,Kýpros,27.959011,23.493959,21.435545,32.458733,34.755581,5.3587832,0,0,0,5.4666414,1.0245954,-.51251835,-.93942529,-.93854219,.35804537,.011549851,.31989855,.3293502,30.289234,-1.7908244,-1.5830029,-1.4824548,8.6612999e-08,2.7939677e-09,2.2124825
1990-08-31,CY000,CY,Kýpros,27.934034,23.629271,21.767683,32.679653,35.240612,6.9971004,0,0,0,5.4580851,1.136515,-.53994721,-1.0398109,-1.0390542,4.0054231,.12920719,3.6078672,3.9823618,24.798227,2.1614208,1.710505,1.6502703,0,0,2.2354908
1990-09-30,CY000,CY,Kýpros,25.126146,21.216866,19.016565,29.827644,33.849689,1.1786156,0,0,0,3.2862666,1.5268867,-.57937831,-1.0700434,-1.0288733,1.7145258,.057150859,.88241452,1.2410353,24.640524,-4.5359082,-6.9087415,-6.743681,-1.6763806e-07,-5.5879354e-09,2.1519482
1990-10-31,CY000,CY,Kýpros,22.105671,18.318209,14.464662,26.698946,31.373896,0,0,0,.0092687085,.77207345,2.072824,.40282398,-.24173413,-.23404086,13.146384,.42407688,6.7258534,10.633631,21.474201,-15.104185,-15.905552,-14.705263,0,0,2.3059618
1990-11-30,CY000,CY,Kýpros,17.88332,14.389023,10.295641,22.376183,27.55685,0,0,0,.314073,0,2.2574024,1.3608457,.63853151,.56086916,6.6552653,.22184217,2.6063273,4.3791876,21.255339,-34.807041,-32.588676,-31.491505,-1.6763806e-07,-5.5879354e-09,2.3305154
1990-12-31,CY000,CY,Kýpros,13.665364,10.818336,6.0963693,17.178267,22.83593,0,0,.07291463,1.9593962,0,2.1895084,.85050112,.42034721,.38416401,18.830482,.60743493,8.186204,11.200843,14.986818,-37.347477,-42.757568,-42.102715,1.7322600e-07,5.5879354e-09,2.5954862
1991-01-31,CY000,CY,Kýpros,10.963953,8.1490774,3.7604067,14.370816,17.662277,0,0,.085609034,4.5360465,0,1.5714864,-.19668545,-.53002661,-.53557622,61.036091,1.9689062,17.224905,22.959194,7.7383046,2.4232903,-2.0356731,-.87897736,3.4507875e-06,1.1131573e-07,2.4207997
1991-02-28,CY000,CY,Kýpros,11.026025,8.245616,4.5195613,14.122289,17.630873,0,0,.054685969,4.4739757,0,2.0276029,-.2904481,-.91732174,-.92563176,55.644444,1.9873016,16.950907,22.854958,12.096508,3.9529741,4.7901926,5.0359621,.000033746455,1.2052304e-06,2.7304075
1991-03-31,CY000,CY,Kýpros,14.339506,11.141248,7.2016001,17.963261,25.314522,0,0,0,1.5635623,0,2.4054651,.85961586,.13888572,.166217,62.316761,2.0102181,17.992147,26.05431,8.9070616,22.419899,25.756107,26.376989,0,0,2.5709138
1991-04-30,CY000,CY,Kýpros,17.341858,13.11386,9.5433664,21.526688,28.75386,0,0,0,.60343885,0,2.5596297,.24797137,-.16833179,-.16070439,8.5513277,.28504425,3.7670236,6.1721349,20.216816,-14.68293,-18.106033,-17.164093,0,0,3.1260805
1991-05-31,CY000,CY,Kýpros,20.340658,15.878592,12.295806,24.664677,29.844648,0,0,0,.033863146,.22076671,2.2112899,-1.0323693,-1.5096195,-1.5409378,10.200145,.32903695,4.9288297,5.1542425,15.744286,-6.9284663,-13.183497,-11.944033,-1.7322600e-07,-5.5879354e-09,3.0708518
1991-06-30,CY000,CY,Kýpros,25.515081,20.65238,12.235075,30.205317,33.752205,2.4672494,0,0,0,3.2153018,2.5078056,-.2526311,-.60546106,-.55053324,.18006751,.0060022506,.13736206,.15397687,30,-5.6002312,-5.8057051,-5.6050177,-1.6763806e-07,-5.5879354e-09,2.0190625
1991-07-31,CY000,CY,Kýpros,27.107693,22.723019,20.084082,31.521425,34.919941,3.7651696,0,0,0,4.5124259,1.6684432,-1.3638365,-1.7907435,-1.7898604,.12726575,.0041053467,.068236023,.091763712,31,-2.0216041,-1.8137827,-1.7132344,-4.3306500e-08,-1.3969839e-09,2.4691536
1991-08-31,CY000,CY,Kýpros,27.63792,23.490719,21.271282,32.12817,34.997433,3.9203928,0,0,0,5.2630091,1.2731801,-.8360616,-1.3359253,-1.3351685,1.3809478,.044546705,.87924546,.88801914,30.254692,-.46305448,-.91397029,-.97420496,0,0,2.228039
1991-09-30,CY000,CY,Kýpros,25.324301,20.777561,18.3829,30.21909,33.959343,.99278444,0,0,0,3.4443874,1.4201984,-.38122314,-.87188822,-.83071822,.69891959,.023297319,.58250278,.62925518,28.544161,-5.5515146,-7.9243474,-7.7592869,0,0,2.1374419
1991-10-31,CY000,CY,Kýpros,21.749512,18.082964,13.99689,26.160971,33.464458,.054311041,0,0,.0095248707,.63220167,2.5650225,.046666373,-.59789175,-.59019846,27.207983,.8776769,11.253933,13.910625,12.216157,-1.0425856,-1.8439521,-.6436637,0,0,2.2557681
1991-11-30,CY000,CY,Kýpros,16.229517,13.13262,10.377698,20.090572,23.463705,0,0,0,.65391541,0,1.5625573,-.29295656,-1.0152707,-1.0929332,79.413269,2.647109,40.469681,54.871326,13.623112,37.950962,40.169327,41.266499,1.6763806e-07,5.5879354e-09,1.9005678
1991-12-31,CY000,CY,Kýpros,10.843383,8.6665115,5.2977238,13.320621,16.11409,0,0,.036457315,4.6566172,0,1.230785,-1.9714807,-2.4016347,-2.4378178,171.73987,5.5399957,30.561466,56.920055,6.3667288,115.5619,110.15182,110.80667,9.4674742e-06,3.0540238e-07,2.8963449
1992-01-31,CY000,CY,Kýpros,9.2155886,6.8697686,3.4376595,12.000517,15.182125,0,0,.25520119,6.284411,0,1.5232384,-1.9450499,-2.2783909,-2.2839406,25.604652,.82595652,7.4116483,11.940372,12.587935,-33.008148,-37.46711,-36.310417,.00020721879,6.6844773e-06,2.6511457
1992-02-29,CY000,CY,Kýpros,7.9463124,5.2480636,1.7791793,10.479609,15.64092,0,0,.71516222,7.5536876,0,2.1635897,-3.3701603,-3.9970341,-4.0053439,81.513199,2.8108001,24.828077,38.736221,9.7008581,29.82173,30.658947,30.904716,.0061917235,.00021350771,3.3611336
1992-03-31,CY000,CY,Kýpros,11.086979,7.8008046,4.7946615,14.495878,20.955305,0,0,.07291463,4.4118109,0,2.0384119,-2.3929119,-3.1136422,-3.0863109,33.824768,1.0911214,7.3641591,14.027569,9.6082649,-6.0720973,-2.7358887,-2.1150079,3.0921810e-06,9.9747773e-08,2.9896564
1992-04-30,CY000,CY,Kýpros,15.889086,11.570751,9.0714903,20.20849,25.478888,0,0,0,1.0610942,0,1.7566437,-1.2047998,-1.6211029,-1.6134756,11.962504,.39875013,6.8621192,7.5093694,18.427643,-11.271753,-14.694857,-13.752917,0,0,2.4065166
1992-05-31,CY000,CY,Kýpros,19.594656,15.097788,11.319672,23.96917,30.118116,0,0,0,.13558781,.054311041,2.1571786,-1.7783717,-2.2556219,-2.2869401,29.157532,.94056559,14.234299,17.323935,9.5337505,12.028921,5.7738905,7.0133548,0,0,2.2179339
1992-06-30,CY000,CY,Kýpros,24.198118,19.566729,16.932688,28.711498,33.111385,.085234106,0,0,0,2.2397208,1.8116357,-1.5695944,-1.9224244,-1.8674966,10.242979,.34143263,5.8858156,8.3558769,14.820048,4.4626803,4.2572064,4.4578938,8.3819032e-08,2.7939677e-09,2.1971154
1992-07-31,CY000,CY,Kýpros,26.459257,22.045872,18.882376,30.836634,38.190884,1.8978702,.42661965,0,0,4.2273202,2.040513,-2.0122736,-2.4391804,-2.4382973,11.846463,.38214397,9.8943081,11.731461,20.100691,9.6975937,9.9054146,10.005963,8.6612999e-08,2.7939677e-09,2.4008541
1992-08-31,CY000,CY,Kýpros,27.985548,23.458914,20.755667,32.596806,35.944458,6.8682346,0,0,0,5.5154467,1.4433165,-.48843372,-.98829746,-.98754066,6.2197223,.20063619,3.1312943,4.4787402,19.391859,4.37572,3.924804,3.8645694,0,0,2.2091262
1992-09-30,CY000,CY,Kýpros,24.908918,20.522854,15.096705,29.720882,36.399181,2.4623828,0,0,0,2.7784255,2.6305883,-.79660571,-1.2872708,-1.2461008,1.0194893,.033982977,.66243613,.86140114,29.340284,-5.2309446,-7.6037779,-7.4387174,0,0,2.1253214
1992-10-31,CY000,CY,Kýpros,22.350121,17.956469,15.57672,27.534063,32.777699,.054311041,0,0,.0070363614,1.5209898,1.8126179,.64727509,.0027169485,.010410232,5.0700326,.16354944,2.82774,5.0529475,29.028896,-23.180536,-23.981903,-22.781614,-1.7322600e-07,-5.5879354e-09,1.8590622
1992-11-30,CY000,CY,Kýpros,16.004242,13.026149,6.0339918,19.439573,28.395052,0,0,.036457315,.68508226,0,4.071034,-.51823169,-1.2405459,-1.3182082,52.68314,1.7561046,17.955383,25.929878,12.18021,11.220834,13.439198,14.536368,0,0,3.0025094
1992-12-31,CY000,CY,Kýpros,10.241858,8.0169649,3.4999092,12.768219,17.168825,0,0,.17994624,5.2581425,0,2.5195243,-2.5730062,-3.00316,-3.0393434,74.978081,2.4186475,29.400372,40.289673,14.53512,18.800117,13.390026,14.044879,.000053792439,1.7352399e-06,2.456408
1993-01-31,CY000,CY,Kýpros,9.735261,6.9377069,4.0189724,13.010342,16.193148,0,0,.14582926,5.764739,0,1.4394869,-1.4253778,-1.758719,-1.7642686,45.875927,1.4798687,10.795527,21.171825,18.0268,-12.736872,-17.195835,-16.039139,.00034844992,.00001124032,2.7687297
1993-02-28,CY000,CY,Kýpros,8.961648,6.1372647,2.0014157,12.093636,18.514551,0,0,.34882399,6.5383515,0,2.6380363,-2.3548243,-2.981698,-2.9900079,55.145069,1.9694668,13.235747,25.715919,6.363451,3.4536002,4.2908187,4.5365882,.0012878467,.000045994526,2.8967607
1993-03-31,CY000,CY,Kýpros,12.229868,8.5641794,5.6031637,16.088642,23.457476,0,0,0,3.4050131,0,2.2109268,-1.2500229,-1.9707531,-1.9434217,43.389767,1.3996699,14.691598,27.463316,15.497693,3.4929037,6.8291125,7.4499931,5.8886048e-06,1.8995499e-07,2.6501684
1993-04-30,CY000,CY,Kýpros,16.677645,12.316713,7.2456098,21.09514,28.820946,0,0,0,.80860901,0,2.8089263,-.41624111,-.83254427,-.82491684,11.387982,.37959942,3.4436228,4.7914147,11.086426,-11.846275,-15.269378,-14.327439,0,0,2.4341874
1993-05-31,CY000,CY,Kýpros,18.975395,15.125171,12.459352,22.826576,30.273731,0,0,0,.12594394,0,2.6195309,-2.3976319,-2.874882,-2.9062004,56.869617,1.8345038,13.060747,30.078667,13.599535,39.741005,33.485977,34.725441,0,0,2.2291744
1993-06-30,CY000,CY,Kýpros,25.456249,20.587347,17.863136,30.200167,36.563435,3.6920435,0,0,0,3.2443788,2.3973851,-.31146413,-.66429412,-.6093663,7.8796139,.2626538,5.8152232,6.5098343,16.857727,2.0993154,1.8938415,2.0945289,8.3819032e-08,2.7939677e-09,2.274173
1993-07-31,CY000,CY,Kýpros,28.192232,23.373629,20.840246,32.887653,35.783554,7.9195728,0,0,0,5.6555209,1.2006321,-.27929738,-.7062043,-.70532119,.73883235,.023833303,.37289906,.56511998,30.768265,-1.4100374,-1.202216,-1.1016678,0,0,2.2808707
1993-08-31,CY000,CY,Kýpros,28.885851,24.448338,21.360575,33.641087,36.585243,10.087891,0,0,0,6.2819571,1.4049023,.41187048,-.087993242,-.087236427,.16122726,.0052008792,.11387028,.13234058,30.835941,-1.682775,-2.1336908,-2.1939256,0,0,2.2484572
1993-09-30,CY000,CY,Kýpros,25.540609,21.011194,17.651854,30.449726,34.261585,1.1552275,0,0,0,3.5433393,1.4955031,-.16491579,-.65558088,-.61441088,.16475458,.0054918192,.13266706,.14864749,30,-6.0856795,-8.4585123,-8.2934523,-1.6763806e-07,-5.5879354e-09,2.1923211
1993-10-31,CY000,CY,Kýpros,23.737537,19.583624,17.379303,28.833189,32.050434,0,0,0,0,2.5273619,1.5869337,2.0346916,1.3901335,1.3978268,2.836401,.09149681,2.0881102,2.4587901,28.06308,-25.414167,-26.215534,-25.015245,0,0,2.2435479
1993-11-30,CY000,CY,Kýpros,15.75585,12.64094,7.2053227,19.266853,26.536209,0,0,0,.79068148,0,2.9906888,-.76662385,-1.4889381,-1.5666004,29.877422,.9959141,11.061018,14.188463,11.980058,-11.584884,-9.366519,-8.2693481,0,0,2.7007275
1993-12-31,CY000,CY,Kýpros,13.82601,11.04115,7.8135185,17.416777,19.788593,0,0,0,1.7607983,0,1.0025748,1.0111459,.58099198,.5448088,17.088644,.55124658,10.857001,10.969097,16.972347,-39.089317,-44.499409,-43.844555,-1.7322600e-07,-5.5879354e-09,2.0619733
1994-01-31,CY000,CY,Kýpros,12.662993,9.8876791,7.1251497,15.781981,18.61101,0,0,0,2.8106976,0,1.1642209,1.5023547,1.1690135,1.163464,82.371254,2.6571372,21.64669,35.258495,10.23386,23.758451,19.299488,20.456184,0,0,2.5724258
1994-02-28,CY000,CY,Kýpros,11.921855,9.2923565,6.2858348,14.959602,18.223501,0,0,0,3.5630059,0,1.1511757,.60538232,-.021491304,-.029801367,58.596935,2.0927477,13.733518,22.726118,6,6.9054666,7.7426848,7.9884548,1.5646219e-07,5.5879354e-09,2.9219046
1994-03-31,CY000,CY,Kýpros,13.406906,10.224977,7.8275309,16.997019,20.454262,0,0,0,2.2821462,0,1.6225233,-.072984286,-.7937144,-.76638311,53.799801,1.7354774,14.25656,25.757915,7.7766075,13.902938,17.239147,17.860027,0,0,2.1098652
1994-04-30,CY000,CY,Kýpros,18.566069,14.001032,9.8548479,23.210205,30.915489,0,0,0,.38283598,0,2.7212493,1.4721823,1.0558791,1.0635065,18.977011,.63256705,8.0806322,9.3533049,19.016405,-4.257247,-7.6803493,-6.7384109,0,0,2.5757897
1994-05-31,CY000,CY,Kýpros,22.272175,17.590458,12.939464,26.916803,33.280342,1.4297227,0,0,.0048792567,1.1994653,3.9326835,.89914715,.42189696,.3905786,9.6113615,.3100439,5.3070135,6.3771553,22.827379,-7.5172505,-13.772281,-12.532817,0,0,2.2822659
1994-06-30,CY000,CY,Kýpros,25.787312,21.17869,18.174692,30.229778,34.395157,2.0627778,0,0,0,3.2950962,1.9179448,.019598765,-.33323121,-.27830341,.86438966,.028812988,.74148053,.75628787,27.04397,-4.9159088,-5.1213827,-4.9206953,8.3819032e-08,2.7939677e-09,2.5227783
1994-07-31,CY000,CY,Kýpros,28.071075,23.783886,21.559668,32.625519,35.820244,7.8819571,0,0,0,5.4480872,1.3878554,-.40045547,-.82736242,-.82647932,3.4280927,.11058363,1.7312479,3.131285,20.443707,1.2792228,1.4870443,1.5875924,0,0,2.630296
1994-08-31,CY000,CY,Kýpros,29.054789,24.779305,22.503731,33.686581,38.429077,10.749684,.87146795,0,0,6.4433565,1.6490681,.58080757,.08094386,.081700675,1.8380493,.05929191,1.503374,1.5368769,30.253597,-.0059530158,-.45686886,-.51710355,0,0,2.2553034
1994-09-30,CY000,CY,Kýpros,27.695879,23.627911,20.783855,32.37534,37.754124,5.2071924,0,0,0,5.4030809,1.7168123,1.9903542,1.499689,1.5408591,8.9975901,.29991966,3.0082185,5.2335229,22.448462,2.7471557,.37432253,.53938317,0,0,1.9484318
1994-10-31,CY000,CY,Kýpros,23.728447,20.22286,16.293921,27.934336,33.815544,.78585887,0,0,0,1.9790933,2.7435322,2.0256007,1.3810426,1.3887359,63.676186,2.0540705,24.456528,39.409603,10.964566,35.425617,34.624252,35.824539,0,0,1.931928
1994-11-30,CY000,CY,Kýpros,15.703883,13.24267,7.532701,18.651133,26.314137,0,0,0,.64193183,0,3.1103032,-.81859058,-1.5409048,-1.6185671,100.34731,3.3449104,23.539709,51.895969,9.9622412,58.885006,61.103371,62.200539,0,0,2.9778161
1994-12-31,CY000,CY,Kýpros,11.102057,8.7111053,6.1868281,14.001653,16.751467,0,0,.018228658,4.3979435,0,1.4067657,-1.7128072,-2.142961,-2.1791444,44.594547,1.4385338,14.122532,17.469139,7.9388256,-11.583411,-16.993504,-16.33865,.000029496605,9.5150335e-07,2.5718021
1995-01-31,CY000,CY,Kýpros,11.612641,8.9029388,6.2457514,14.694792,17.799734,0,0,0,3.8737342,0,1.5302757,.45200229,.11866114,.11311153,37.699814,1.216123,11.754307,16.378349,9.7784777,-20.912985,-25.37195,-24.215254,0,0,2.3084829
1995-02-28,CY000,CY,Kýpros,12.429056,9.0543461,6.8409219,16.316771,19.159494,0,0,0,3.0822186,0,1.2475741,1.1125832,.48570958,.47739953,25.929241,.92604429,8.3194714,12.614217,8.8945131,-25.762228,-24.925011,-24.679241,0,0,1.9876385
1995-03-31,CY000,CY,Kýpros,13.847741,10.280711,7.6265564,17.643219,21.906563,0,0,0,2.075182,0,1.4647979,.36785048,-.35287964,-.32554835,23.624388,.76207703,4.9368792,8.6004524,7.5374737,-16.272476,-12.936268,-12.315387,0,0,2.725914
1995-04-30,CY000,CY,Kýpros,16.256718,12.185799,8.7550945,20.416126,25.580446,0,0,0,.86593431,0,2.4988875,-.83716846,-1.2534716,-1.2458442,26.562117,.88540393,14.210698,14.79769,11.895352,3.3278594,-.095243335,.8466953,0,0,2.4212635
1995-05-31,CY000,CY,Kýpros,21.423691,16.54808,12.128351,26.163147,35.86002,1.2733564,0,0,.013057642,.62969637,3.7636321,.050664213,-.42658594,-.45790431,17.516199,.56503868,7.959609,15.227105,24.13895,.38758838,-5.8674421,-4.6279778,0,0,2.2498269
1995-06-30,CY000,CY,Kýpros,26.727367,21.967716,18.731436,31.321024,36.310795,2.711916,0,0,0,4.2237039,1.8799863,.95965433,.60682434,.66175216,.9869985,.03289995,.83006042,.83617079,25.889172,-4.7933002,-4.9987736,-4.7980866,0,0,2.3973734
1995-07-31,CY000,CY,Kýpros,28.208246,24.035107,21.112146,32.24107,35.333733,6.4105077,0,0,0,5.6992502,1.7686206,-.2632843,-.69019121,-.68930811,9.904829,.31951061,7.096148,8.9671736,22.795355,7.7559595,7.9637804,8.0643291,-8.6612999e-08,-2.7939677e-09,2.5218992
1995-08-31,CY000,CY,Kýpros,28.492643,24.305164,21.10075,32.905167,36.347935,7.2479491,0,0,0,6.1214862,1.4626667,.018661549,-.48120219,-.48044536,.95187831,.030705752,.83313841,.92356563,29.09388,-.892124,-1.3430399,-1.4032745,0,0,2.3778517
1995-09-30,CY000,CY,Kýpros,25.641672,21.473871,19.258404,30.171392,32.639164,.030923063,0,0,0,3.4594307,1.0090913,-.063851766,-.55451685,-.51334685,.71190757,.023730254,.49224961,.49865663,29.953951,-5.5385265,-7.9113598,-7.7462988,0,0,2.2568076
1995-10-31,CY000,CY,Kýpros,21.172308,17.426664,13.612407,25.574396,29.070471,0,0,0,.023497654,.62188917,1.68426,-.53053898,-1.1750971,-1.1674038,11.471879,.37006062,5.5675035,6.0754113,22.04353,-16.77869,-17.580057,-16.379768,0,0,2.2766428
1995-11-30,CY000,CY,Kýpros,14.399585,11.156459,5.5503392,18.07938,25.962601,0,0,.054685969,1.5485362,0,3.2269733,-2.1228886,-2.8452027,-2.9228649,52.268749,1.7422917,18.079662,29.471075,9.8768415,10.806445,13.02481,14.121981,0,0,2.5791395
1995-12-31,CY000,CY,Kýpros,12.319592,9.6186781,7.4025044,15.730616,19.215275,0,0,0,3.0143216,0,1.3716286,-.49527243,-.92542636,-.96160954,8.1481943,.26284498,2.5764761,3.9450357,21.502146,-48.029766,-53.439857,-52.785004,1.7322600e-07,5.5879354e-09,2.1102867
1996-01-31,CY000,CY,Kýpros,10.636958,8.2494297,4.0951037,13.475494,17.453701,0,0,.091143288,4.8630419,0,1.5412896,-.52368069,-.85702187,-.86257148,84.07756,2.7121794,22.704578,42.270508,8.1531601,25.46476,21.005796,22.162491,2.5840623e-07,8.3356850e-09,2.5461466
1996-02-29,CY000,CY,Kýpros,12.157312,9.2897091,4.7499604,15.354487,18.633377,0,0,.018228658,3.275264,0,1.2616839,.8408401,.21396646,.20565639,43.00732,1.4830111,8.8209171,17.512701,9.1123619,-8.6841478,-7.8469291,-7.6011596,-1.6205013e-07,-5.5879354e-09,2.5725422
1996-03-31,CY000,CY,Kýpros,12.79197,9.7510757,7.2625284,15.803649,20.87538,0,0,0,2.8485866,0,1.5195946,-.68792009,-1.4086503,-1.3813189,69.633057,2.2462275,11.972134,20.102568,4.4532418,29.736193,33.072399,33.693283,0,0,2.8838317
1996-04-30,CY000,CY,Kýpros,15.439075,11.796151,9.2147131,19.150576,25.710434,0,0,0,1.0787114,0,2.1144667,-1.6548115,-2.0711145,-2.0634873,48.486485,1.6162161,11.652308,20.879541,6.669971,25.252226,21.829123,22.771061,0,0,2.6962996
1996-05-31,CY000,CY,Kýpros,22.546419,17.960806,13.591072,27.13978,32.682407,0,0,0,.0026114027,1.2474468,2.3736258,1.1733915,.6961413,.66482294,10.380955,.33486947,5.1365809,9.1409168,27.150866,-6.7476573,-13.002687,-11.763224,1.7322600e-07,5.5879354e-09,2.2615807
1996-06-30,CY000,CY,Kýpros,26.263828,21.384857,17.597372,30.855757,37.118195,3.113004,.018228658,0,0,4.0502806,2.2840662,.49611458,.14328462,.19821243,2.7585599,.091952004,2.5547569,2.6406982,27.635099,-3.0217385,-3.2272124,-3.026525,0,0,2.3271651
1996-07-31,CY000,CY,Kýpros,28.624943,23.812471,20.597309,33.464947,35.752609,10.732643,0,0,0,6.1613088,1.1590054,.15341225,-.27349466,-.27261156,.058444925,.0018853202,.039706573,.041329015,31,-2.0904248,-1.8826034,-1.7820553,0,0,2.0024505
1996-08-31,CY000,CY,Kýpros,28.4895,23.997683,21.610752,33.132946,36.576088,8.9595203,0,0,0,5.8547034,1.4517877,.01551839,-.48434535,-.48358852,1.5647602,.050476134,.83687937,.92840022,25.914829,-.27924213,-.73015797,-.79039264,0,0,2.2060041
1996-09-30,CY000,CY,Kýpros,25.230873,20.871861,17.970114,29.758507,33.730522,.62915766,0,0,0,3.2161293,1.7917396,-.47465196,-.96531707,-.92414701,4.7527547,.15842515,3.5262096,3.8443968,25.008799,-1.4976795,-3.8705125,-3.705452,0,0,2.6933546
1996-10-31,CY000,CY,Kýpros,20.247568,16.808105,12.127173,24.363274,29.813713,0,0,0,.033063475,0,2.7452717,-1.4552785,-2.0998366,-2.0921433,52.433239,1.6913948,12.494268,22.15671,9.0023766,24.182671,23.381304,24.581593,-1.7322600e-07,-5.5879354e-09,2.2765896
1996-11-30,CY000,CY,Kýpros,17.925783,14.508611,10.931378,22.142197,23.900496,0,0,0,.29459843,0,.88371831,1.4033089,.68099469,.60333234,19.451502,.64838344,8.7089281,12.997598,22.458292,-22.010803,-19.792439,-18.695267,1.6763806e-07,5.5879354e-09,2.4333203
1996-12-31,CY000,CY,Kýpros,14.532702,12.06024,9.9089251,17.683311,21.632486,0,0,0,1.226984,0,1.222857,1.7178392,1.2876853,1.251502,53.896107,1.738584,14.4453,23.020765,7.8026028,-2.2818544,-7.691946,-7.0370936,1.7322600e-07,5.5879354e-09,2.4225087
1997-01-31,CY000,CY,Kýpros,12.399704,9.352396,4.0652094,15.789409,19.294394,0,0,.13912484,3.0696139,0,1.8686496,1.2390653,.90572417,.90017456,13.433987,.43335441,4.164607,6.498189,12.874795,-45.178814,-49.637775,-48.481083,8.9362840e-07,2.8826722e-08,2.8811994
1997-02-28,CY000,CY,Kýpros,10.673694,7.3784399,1.862642,14.290265,19.37888,0,0,.35481399,4.8263068,0,2.571701,-.64277935,-1.269653,-1.277963,55.454025,1.9805009,23.895901,38.198071,10.001395,3.7625546,4.5997729,4.8455424,.00041769521,.000014917686,2.3846169
1997-03-31,CY000,CY,Kýpros,11.972072,8.5199375,4.3867803,15.33631,18.821575,0,0,.07291463,3.6191065,0,1.8201494,-1.5078187,-2.2285488,-2.2012174,30.521101,.98455167,8.6110268,11.20435,9.4564495,-9.3757629,-6.0395541,-5.418673,.000051522158,1.6620050e-06,3.0394607
1997-04-30,CY000,CY,Kýpros,14.361978,10.655633,5.4646401,18.019829,29.072573,0,0,.018228658,1.7947363,0,3.3952847,-2.7319078,-3.148211,-3.1405835,45.580002,1.5193334,9.7707844,19.533588,17.376007,22.345745,18.922642,19.86458,.000029496474,9.8321584e-07,3.2752414
1997-05-31,CY000,CY,Kýpros,22.288843,17.198376,12.261941,27.285452,33.173851,.83220577,0,0,.0035698963,1.1014928,2.8783123,.91581494,.43856478,.40724641,8.6670179,.27958122,4.6445279,6.151762,18.967543,-8.4615936,-14.716625,-13.47716,-3.4645200e-07,-1.1175871e-08,2.0548024
1997-06-30,CY000,CY,Kýpros,25.957821,21.433706,16.121407,30.381107,36.656658,4.4286189,0,0,0,3.4527769,2.861356,.1901083,-.16272168,-.10779386,9.4859495,.31619832,4.4954901,7.0969343,18.102442,3.7056508,3.5001771,3.7008643,-1.6763806e-07,-5.5879354e-09,2.1869471
1997-07-31,CY000,CY,Kýpros,29.0333,24.287617,21.87085,33.546204,36.72916,9.8321276,0,0,0,6.4174895,1.3909192,.56177062,.1348637,.13574678,.13965406,.0045049698,.12800314,.12881461,31,-2.0092158,-1.8013943,-1.7008462,0,0,2.5265596
1997-08-31,CY000,CY,Kýpros,26.724077,22.807564,20.64566,30.988991,33.748951,.73700792,0,0,0,4.2803669,1.1136971,-1.7499046,-2.2497683,-2.2490115,3.5672328,.11507203,2.4939339,3.3408997,25.528694,1.7232305,1.2723145,1.2120799,0,0,2.5887182
1997-09-30,CY000,CY,Kýpros,24.560825,20.651949,17.353336,28.906244,32.599411,0,0,0,0,2.560235,1.8562804,-1.1446995,-1.6353645,-1.5941945,17.616144,.58720481,10.232658,11.398892,20.154839,11.36571,8.992878,9.157938,0,0,2.193119
1997-10-31,CY000,CY,Kýpros,21.107765,17.64892,14.015157,25.228012,32.000942,0,0,0,.014969911,.26780924,2.4824882,-.59508032,-1.2396384,-1.2319452,60.17886,1.9412535,16.72699,28.192799,13.366878,31.928289,31.126923,32.327209,1.7322600e-07,5.5879354e-09,1.967391
1997-11-30,CY000,CY,Kýpros,16.985773,14.061819,11.579185,20.810255,24.165771,0,0,0,.40574247,0,1.1086657,.4633005,-.25901368,-.33667606,51.871979,1.729066,17.059835,29.369604,11.458081,10.409674,12.628038,13.725209,0,0,2.3988962
1997-12-31,CY000,CY,Kýpros,13.407498,11.092788,7.3213596,16.305077,19.871035,0,0,.018228658,2.060019,0,1.6666685,.59263515,.1624812,.12629801,49.865311,1.6085584,10.561752,14.270435,5.9313464,-6.3126488,-11.722741,-11.067888,0,0,2.6929345
1998-01-31,CY000,CY,Kýpros,11.236998,8.5490723,5.0794907,14.29673,17.559948,0,0,.036457315,4.2630029,0,1.2449188,.07635843,-.25698274,-.26253235,36.035461,1.1624343,10.431178,16.243652,9.5187454,-22.577337,-27.036301,-25.879604,4.0907071e-06,1.3195829e-07,2.9357727
1998-02-28,CY000,CY,Kýpros,12.407502,9.5157013,6.3576684,15.733718,20.486712,0,0,0,3.0545342,0,1.5902213,1.0910295,.46415585,.4558458,11.38056,.40644857,3.5497804,5.2572465,9.7221155,-40.310909,-39.47369,-39.227921,.000016295708,5.8198958e-07,2.9839311
1998-03-31,CY000,CY,Kýpros,13.004555,9.8856335,6.3368344,16.387728,21.012459,0,0,0,2.658462,0,1.9568397,-.47533607,-1.1960661,-1.1687349,47.358166,1.5276827,13.585882,21.972157,14.073885,7.4612999,10.797508,11.418389,.000079259189,2.5567481e-06,3.445683
1998-04-30,CY000,CY,Kýpros,18.454351,14.367433,9.7487717,22.866674,33.328651,.37746793,0,0,.2918832,0,3.5337777,1.3604665,.94416332,.95179069,23.357811,.77859366,7.5246663,12.076251,13.82865,.12355237,-3.2995503,-2.3576117,0,0,2.62848
1998-05-31,CY000,CY,Kýpros,21.161734,17.0467,13.204556,25.309341,31.507246,0,0,0,.012480383,.54392362,2.2612884,-.21129379,-.68854398,-.71986228,29.617277,.955396,8.7296276,16.022583,10.61235,12.488666,6.2336349,7.4730992,0,0,2.4912808
1998-06-30,CY000,CY,Kýpros,26.568535,22.117182,19.210999,31.030787,35.092861,4.0780153,0,0,0,4.2091079,2.0774221,.80082178,.44799182,.50291961,2.9778395,.099261314,2.353976,2.7143002,26.999292,-2.802459,-3.0079327,-2.8072455,0,0,2.1053863
1998-07-31,CY000,CY,Kýpros,29.808832,25.258617,22.237173,34.487885,37.695648,15.191263,.12169141,0,0,7.2320752,1.6701169,1.3373021,.91039515,.91127825,.79203832,.025549624,.68470556,.7584269,28.564182,-1.3568314,-1.1490101,-1.0484618,0,0,2.262985
1998-08-31,CY000,CY,Kýpros,30.528959,25.992414,23.26269,35.4515,39.0476,19.536047,1.5113192,0,0,8.2127018,1.5790519,2.0549769,1.5551133,1.5558701,.097118422,.0031328523,.079652049,.08255408,31,-1.746884,-2.1977997,-2.2580345,0,0,1.9835058
1998-09-30,CY000,CY,Kýpros,26.366228,22.47295,19.292707,30.840527,34.232273,.94176537,0,0,0,3.8720534,1.7874223,.66070241,.17003727,.21120732,2.3587563,.07862521,.65492511,.85807872,29.205154,-3.8916776,-6.2645106,-6.0994501,0,0,2.3041098
1998-10-31,CY000,CY,Kýpros,22.937481,19.026608,15.575365,27.646389,32.887699,0,0,0,.0028547293,1.5610416,2.2541835,1.2346352,.59007716,.59777045,16.077343,.51862395,12.334635,15.641529,25.13114,-12.173227,-12.974594,-11.774305,0,0,2.203634
1998-11-30,CY000,CY,Kýpros,18.445314,15.511664,12.620036,22.00477,25.170113,0,0,0,.086884603,0,1.3387995,1.9228418,1.2005277,1.1228652,41.544304,1.3848101,13.862329,18.443155,10.677693,.081999227,2.3003638,3.3975346,0,0,2.1266031
1998-12-31,CY000,CY,Kýpros,13.930013,11.527672,8.4917841,16.659317,21.33828,0,0,0,1.7315011,0,1.6784863,1.1151489,.684995,.64881182,96.261894,3.1052222,14.736938,27.626677,5.2320971,40.083931,34.67384,35.328693,0,0,2.376965
1999-01-31,CY000,CY,Kýpros,12.734195,10.044577,5.1351619,15.828729,18.850485,0,0,0,2.7263527,0,1.36106,1.5735562,1.2402149,1.2346654,47.725231,1.5395236,13.637044,19.525116,7.9400306,-10.887568,-15.346532,-14.189837,.00003608541,1.1640454e-06,2.4523869
1999-02-28,CY000,CY,Kýpros,12.751436,9.7857389,6.4764371,15.937689,19.300695,0,0,0,2.8223295,0,1.5155537,1.4349633,.80808967,.79977965,40.887688,1.4602746,22.96899,31.24765,11.222961,-10.803782,-9.9665632,-9.7207928,2.5624188e-06,9.1514963e-08,3.1823599
1999-03-31,CY000,CY,Kýpros,14.530064,11.238012,8.9006491,18.277052,22.261301,0,0,0,1.4506074,0,1.2793527,1.0501726,.32944241,.3567737,35.387207,1.1415229,11.049591,15.974855,18.943501,-4.5096555,-1.1734465,-.55256575,0,0,2.7356377
1999-04-30,CY000,CY,Kýpros,17.468052,13.55642,10.400073,21.492247,27.39901,0,0,0,.49220669,0,2.3921039,.374167,-.042136159,-.034508772,42.650154,1.4216719,23.915848,27.010872,22.62735,19.415897,15.992795,16.934734,0,0,2.4807329
1999-05-31,CY000,CY,Kýpros,23.240524,18.218988,15.425283,28.135429,33.841995,.67830938,0,0,.002341426,1.697157,1.8329406,1.8674966,1.3902464,1.3589281,.62148589,.020047931,.30269191,.44295031,30.740469,-16.507126,-22.762156,-21.522692,0,0,2.3947337
1999-06-30,CY000,CY,Kýpros,26.605995,22.29534,18.637718,30.880177,35.092468,1.6714454,0,0,0,4.2186894,1.306448,.83828181,.48545185,.54037964,13.978414,.46594712,8.2938089,9.268117,14.792142,8.1981153,7.9926414,8.1933289,0,0,2.3057845
1999-07-31,CY000,CY,Kýpros,29.27195,24.781935,21.689302,33.873829,37.099747,11.460775,.018228658,0,0,6.6242528,1.4526914,.80041897,.37351203,.37439513,2.3052084,.074361563,1.9216076,2.1085513,21.659241,.1563388,.36416018,.46470839,0,0,2.4086232
1999-08-31,CY000,CY,Kýpros,29.18446,25.070848,22.707376,33.689629,37.473816,10.828526,.018228658,0,0,6.6339436,1.4470605,.71047741,.21061368,.2113705,6.8387208,.2206039,3.8467972,5.5536165,23.924768,4.9947186,4.5438027,4.4835682,0,0,2.1056886
1999-09-30,CY000,CY,Kýpros,26.386318,22.162971,20.433035,31.140097,34.837273,.91664463,0,0,0,4.2475362,.87046421,.68079412,.190129,.23129903,3.0062835,.10020944,1.7602221,2.0765281,19.213293,-3.2441506,-5.6169839,-5.4519234,1.6763806e-07,5.5879354e-09,2.3198259
1999-10-31,CY000,CY,Kýpros,22.70056,19.18413,16.06883,27.004295,33.013943,.22076671,0,0,.0031016546,1.2164737,1.7523137,.99771351,.3531554,.3608487,21.074898,.67983544,9.1489115,11.590575,9.4109392,-7.1756711,-7.9770374,-6.7767491,-1.7322600e-07,-5.5879354e-09,1.9481615
1999-11-30,CY000,CY,Kýpros,17.562416,14.109375,7.0963035,21.498493,25.640751,0,0,0,.39086026,0,2.6449513,1.0399427,.31762856,.23996621,19.121927,.63739759,14.223705,14.784824,16.464693,-22.340378,-20.122013,-19.024843,0,0,2.2338188
1999-12-31,CY000,CY,Kýpros,14.580573,11.1752,7.7853417,18.787901,21.242786,0,0,0,1.3909584,0,.85702479,1.7657093,1.3355553,1.2993721,14.819294,.47804174,6.1999545,8.5819092,12.054311,-41.358665,-46.768757,-46.113907,-1.7322600e-07,-5.5879354e-09,2.3221662
2000-01-31,CY000,CY,Kýpros,10.154767,7.4548779,3.1025972,12.83212,19.835745,0,0,.25169072,5.345233,0,2.0326614,-1.0058717,-1.3392128,-1.3447623,52.828407,1.7041422,18.271338,23.14035,8.6928253,-5.7843928,-10.243356,-9.0866604,.00032674076,.000010540025,3.1045752
2000-02-29,CY000,CY,Kýpros,11.186911,8.3051071,5.5913429,14.314343,17.301109,0,0,.018228658,4.3130898,0,1.0534419,-.12956236,-.75643599,-.76474607,41.63665,1.4357466,12.250196,13.245988,6.0968122,-10.054821,-9.2176027,-8.9718332,3.7969037e-06,1.3092770e-07,2.7856145
2000-03-31,CY000,CY,Kýpros,12.995358,9.4593506,5.5130062,16.696766,22.913088,0,0,.018228658,2.7661119,0,2.1183519,-.48453262,-1.2052628,-1.1779314,24.691593,.79650301,7.5672746,8.9934053,12.273613,-15.205272,-11.869062,-11.248181,0,0,2.6065614
2000-04-30,CY000,CY,Kýpros,18.068657,14.327577,10.615588,22.03413,28.049738,0,0,0,.29672289,0,1.9508005,.97477144,.55846828,.56609571,63.02689,2.1008964,21.35162,36.848751,9.0371733,39.792633,36.36953,37.31147,0,0,2.6442127
2000-05-31,CY000,CY,Kýpros,21.54174,17.355427,13.623517,25.859882,30.820961,0,0,0,.011876674,.62969637,2.1730456,.1687139,-.30853626,-.3398546,25.169182,.81190908,12.621314,19.431135,16.761106,8.0405703,1.7855394,3.0250037,0,0,2.1758361
2000-06-30,CY000,CY,Kýpros,27.29965,22.767271,19.548014,31.969784,36.296879,6.9587169,0,0,0,4.7307177,2.1595254,1.5319374,1.1791074,1.2340351,.98572063,.032857355,.89580721,.91600591,28.579092,-4.7945781,-5.0000515,-4.7993641,0,0,2.3915367
2000-07-31,CY000,CY,Kýpros,30.289162,25.205183,20.692497,35.482006,39.536205,17.902437,2.741523,0,0,7.6240916,2.1968722,1.8176311,1.3907242,1.3916073,.74051458,.023887567,.52610135,.72373682,30.434858,-1.4083552,-1.2005339,-1.0999856,0,0,2.2518668
2000-08-31,CY000,CY,Kýpros,28.820597,24.684685,22.940729,33.437981,36.383106,9.523778,0,0,0,6.4131289,1.0089623,.34661579,-.15324792,-.15249111,1.8762186,.060523178,1.5566931,1.7850053,28.222363,.032216229,-.41869959,-.47893429,0,0,2.2205698
2000-09-30,CY000,CY,Kýpros,26.044048,22.036327,18.408909,30.751856,34.977142,2.2514746,0,0,0,3.6333127,2.0083516,.33852378,-.15214132,-.11097128,18.618965,.62063217,13.132338,16.107235,19.780958,12.368531,9.9956989,10.160759,1.6763806e-07,5.5879354e-09,2.1247077
2000-10-31,CY000,CY,Kýpros,21.380009,18.210459,12.991059,25.157225,31.850439,0,0,0,.01186587,.26780924,3.1421075,-.32283723,-.96739537,-.95970207,36.038612,1.1625359,9.9589653,17.470917,9.3294535,7.7880449,6.9866781,8.1869669,-1.7322600e-07,-5.5879354e-09,2.1996992
2000-11-30,CY000,CY,Kýpros,18.163973,14.892363,12.098289,22.599556,26.971453,0,0,0,.22185428,0,1.7383844,1.6414988,.91918468,.84152228,48.476822,1.615894,17.802698,38.581081,21.724241,7.0145149,9.2328796,10.33005,0,0,2.0809445
2000-12-31,CY000,CY,Kýpros,13.619235,10.845074,7.3858509,16.864088,20.340897,0,0,0,2.0176928,0,1.3700054,.80437165,.37421769,.33803448,39.090126,1.2609718,11.343497,14.21177,9.0205927,-17.087833,-22.497925,-21.843073,-1.7322600e-07,-5.5879354e-09,2.4295714
2001-01-31,CY000,CY,Kýpros,12.403036,9.5359888,4.7055745,15.975597,18.967003,0,0,.018228658,2.97686,0,1.3347418,1.2423967,.90905559,.90350598,47.924759,1.5459599,16.417379,19.732622,10.123542,-10.688042,-15.147005,-13.99031,0,0,2.0386007
2001-02-28,CY000,CY,Kýpros,12.868106,9.9983597,5.8852639,16.224791,20.24497,0,0,0,2.6435282,0,1.867353,1.5516329,.92475927,.91644919,57.639729,2.0585618,14.174877,22.658949,9.4253159,5.9482598,6.7854781,7.0312476,.000014263733,5.0941901e-07,2.8533072
2001-03-31,CY000,CY,Kýpros,17.053558,12.895093,10.386374,21.646517,27.295437,0,0,0,.65142161,0,1.7464786,3.5736682,2.8529382,2.8802695,9.2462921,.29826751,6.892982,8.2314491,17.391598,-30.650572,-27.314363,-26.693481,-1.7322600e-07,-5.5879354e-09,2.2442575
2001-04-30,CY000,CY,Kýpros,18.607742,14.577961,11.614967,22.737886,30.212881,0,0,0,.2476297,0,2.7109504,1.5138561,1.0975529,1.1051804,18.608345,.62027818,4.5666342,6.9319444,13.995127,-4.6259131,-8.049016,-7.1070771,0,0,3.016794
2001-05-31,CY000,CY,Kýpros,22.727234,18.460493,14.525694,26.996475,34.317879,1.1231577,0,0,.0017785603,1.2474468,3.4698298,1.3542064,.87695628,.84563792,16.498367,.5322054,6.174942,8.7095222,17.01231,-.63024414,-6.8852744,-5.6458101,0,0,2.8255763
2001-06-30,CY000,CY,Kýpros,26.811899,21.547266,17.954243,31.84,35.658951,5.0344901,0,0,0,4.2529426,1.7244173,1.0441856,.69135565,.74628347,.03272862,.0010909541,.019204246,.022299096,30,-5.74757,-5.9530435,-5.7523565,0,0,2.4392359
2001-07-31,CY000,CY,Kýpros,29.254953,24.140728,21.13798,34.197308,36.946419,13.814255,.090768352,0,0,6.9679079,1.411218,.78342402,.35651714,.35740021,.15799394,.005096579,.14023575,.15411945,31,-1.9908758,-1.7830544,-1.6825063,0,0,2.1603973
2001-08-31,CY000,CY,Kýpros,29.021303,24.566803,22.21143,33.841442,37.952518,10.193381,.4448483,0,0,6.6339207,1.4433843,.54732186,.047458146,.048214957,6.9101853,.2229092,3.6506755,5.4941425,19.146027,5.0661831,4.6152668,4.5550323,-8.6612999e-08,-2.7939677e-09,2.1871502
2001-09-30,CY000,CY,Kýpros,26.438339,22.144266,19.708736,31.318502,34.503983,2.9937162,0,0,0,4.2966881,1.3303262,.73281521,.2421501,.28332013,1.638052,.054601733,1.2366835,1.4093138,25.385578,-4.6123824,-6.9852152,-6.8201547,0,0,2.1785038
2001-10-31,CY000,CY,Kýpros,22.215481,18.309761,13.770521,26.6007,32.068321,0,0,0,.014090686,.81809425,2.5280488,.51263434,-.13192379,-.12423051,29.673552,.95721132,9.3248196,17.395947,12.456331,1.4229815,.62161505,1.8219033,1.7322600e-07,5.5879354e-09,1.9657054
2001-11-30,CY000,CY,Kýpros,16.649233,13.445233,6.8704658,20.044249,25.057751,0,0,0,.56862217,0,2.5772145,.12675856,-.59555566,-.67321801,64.28907,2.1429691,12.768417,19.373262,9.9219542,22.826765,25.04513,26.142302,0,0,2.4241951
2001-12-31,CY000,CY,Kýpros,13.059842,10.685122,6.9210258,15.459592,18.696215,0,0,0,2.4852152,0,1.4452569,.24497823,-.1851757,-.22135891,126.89256,4.0933084,28.211245,40.300705,5.1485963,70.7146,65.304504,65.959358,1.7322600e-07,5.5879354e-09,2.7161984
2002-01-31,CY000,CY,Kýpros,10.327102,7.3128104,4.1653242,13.602538,17.898932,0,0,.14582926,5.1728983,0,1.8893654,-.83353722,-1.1668783,-1.172428,72.123039,2.3265495,16.680317,32.020981,9.6598711,13.510236,9.0512733,10.207969,.0012774075,.000041206695,2.8202071
2002-02-28,CY000,CY,Kýpros,13.694062,10.335779,7.4614139,17.760786,20.424469,0,0,0,2.0184159,0,1.1735076,2.3775899,1.7507163,1.7424062,41.979904,1.4992822,14.088439,34.999409,10.529407,-9.7115679,-8.8743486,-8.6285791,0,0,2.5209348
2002-03-31,CY000,CY,Kýpros,15.464299,12.07966,7.9278421,19.258253,24.957022,0,0,0,.95994937,0,2.0284963,1.9844083,1.2636782,1.2910094,37.621754,1.2136049,8.3329973,15.458142,12.679353,-2.2751114,1.0610974,1.6819782,0,0,2.8285615
2002-04-30,CY000,CY,Kýpros,17.06502,13.56189,10.422113,20.782745,26.095819,0,0,0,.50337523,0,1.7649055,-.02886676,-.4451699,-.43754253,29.648129,.98827094,10.62336,12.111389,8.9596586,6.4138708,2.990768,3.9327066,0,0,2.6884229
2002-05-31,CY000,CY,Kýpros,21.510426,17.045954,13.866754,26.001371,30.867441,0,0,0,.018058497,.61146772,1.5878625,.13739817,-.33985201,-.37117034,12.05969,.38902226,4.9477062,6.2184076,11.189117,-5.0689216,-11.323952,-10.084488,0,0,2.2558627
2002-06-30,CY000,CY,Kýpros,26.656263,21.674038,17.214392,31.274357,37.83358,3.7046845,.43177897,0,0,4.2104511,2.4342377,.88855094,.53572094,.59064877,1.4441661,.048138868,1.2008407,1.2231122,29.53739,-4.3361325,-4.5416064,-4.340919,1.6763806e-07,5.5879354e-09,2.3906443
2002-07-31,CY000,CY,Kýpros,29.668518,25.126175,22.253742,34.171143,39.309238,13.516816,1.2299867,0,0,7.1751566,2.0790665,1.1969882,.77008128,.77096438,6.2694387,.20223996,4.0515108,5.5979486,20.839899,4.1205688,4.3283906,4.4289384,0,0,2.3926635
2002-08-31,CY000,CY,Kýpros,28.893433,24.687162,22.081827,33.324562,39.068333,9.5271549,.75084913,0,0,6.4279871,1.9519,.41945091,-.080412835,-.07965602,.95565641,.030827627,.598248,.70675886,29.130486,-.8883459,-1.3392618,-1.3994964,0,0,2.6163881
2002-09-30,CY000,CY,Kýpros,25.928024,21.985928,19.773109,30.421947,34.465534,1.074006,0,0,0,3.6264164,.9739458,.22249852,-.26816657,-.22699654,8.016758,.26722527,2.5813389,4.3618846,20.052738,1.7663242,-.60650879,-.44144827,1.6763806e-07,5.5879354e-09,2.2492206
2002-10-31,CY000,CY,Kýpros,22.511759,18.934742,15.151229,26.954035,32.446365,0,0,0,.0037048385,1.2101431,1.7507862,.80891222,.1643541,.17204739,14.087745,.45444337,7.9214473,11.147694,15.121868,-14.162825,-14.964191,-13.763903,1.7322600e-07,5.5879354e-09,1.9719018
2002-11-30,CY000,CY,Kýpros,18.541273,14.976914,11.276717,23.228611,26.585707,0,0,0,.21312349,0,1.52718,2.0188,1.2964859,1.2188236,9.6859188,.32286397,3.5337687,4.7010903,13.76574,-31.776386,-29.558022,-28.460852,1.6763806e-07,5.5879354e-09,2.4433706
2002-12-31,CY000,CY,Kýpros,12.310843,9.9485893,4.2560248,15.111845,20.067717,0,0,.054685969,3.1717868,0,2.5319836,-.50402051,-.93417442,-.9703576,104.11819,3.3586514,32.678322,41.109016,6.3499165,47.940235,42.530144,43.184994,9.5332280e-06,3.0752349e-07,2.7702129
2003-01-31,CY000,CY,Kýpros,13.426313,10.68633,7.4014401,16.497101,21.32583,0,0,0,2.1807723,0,1.6035917,2.2656748,1.9323336,1.926784,56.09874,1.8096368,16.276567,19.833357,15.067819,-2.5140591,-6.9730225,-5.8163266,0,0,2.6415637
2003-02-28,CY000,CY,Kýpros,10.494387,8.1833277,3.3376412,13.094385,18.878294,0,0,.10820178,5.0056138,0,2.2340236,-.82208645,-1.4489601,-1.4572701,92.518898,3.3042464,30.364662,44.043495,6.0107946,40.827427,41.664646,41.910416,.0012886336,.000046022626,3.8695543
2003-03-31,CY000,CY,Kýpros,12.278337,9.2913809,4.8681855,15.532822,19.181181,0,0,.018228658,3.2262869,0,1.4995654,-1.2015541,-1.9222841,-1.8949529,69.63282,2.2462199,15.519115,22.730082,6.0476832,29.735952,33.072163,33.693043,.000010759953,3.4709524e-07,2.7489524
2003-04-30,CY000,CY,Kýpros,16.638485,12.79469,9.7801514,20.41853,27.779982,0,0,0,.7007553,0,1.7869625,-.45540163,-.87170476,-.86407739,29.753633,.99178779,13.558653,16.231167,12.151333,6.5193763,3.0962739,4.0382123,0,0,2.604363
2003-05-31,CY000,CY,Kýpros,23.936773,18.779043,15.252089,29.073048,33.619999,1.5407947,0,0,0,2.1589777,1.9231459,2.5637467,2.0864966,2.0551782,9.2536802,.29850584,4.6081977,6.4963584,26.706917,-7.8749309,-14.129961,-12.890497,0,0,2.4013886
2003-06-30,CY000,CY,Kýpros,26.571772,21.930128,17.97172,31.023806,34.896572,3.6629145,0,0,0,4.218667,2.3797104,.80405927,.45122927,.5061571,11.165099,.37216994,7.9282784,9.8712244,25.289072,5.3848,5.1793265,5.3800139,0,0,2.1077137
2003-07-31,CY000,CY,Kýpros,29.518211,24.881939,22.326077,34.064369,37.036861,13.898577,.19737874,0,0,7.0982909,.82983935,1.046681,.6197741,.62065721,.0501367,.0016173129,.045270376,.045326713,31,-2.0987329,-1.8909116,-1.7903634,0,0,2.419172
2003-08-31,CY000,CY,Kýpros,29.425076,24.863295,22.88191,34.18684,37.25449,13.700777,0,0,0,6.8126187,1.1116724,.95109427,.45123053,.45198733,.057068411,.0018409165,.048188757,.053045318,31,-1.7869339,-2.2378497,-2.2980843,4.3306500e-08,1.3969839e-09,2.2174132
2003-09-30,CY000,CY,Kýpros,25.699846,21.524315,18.649246,30.283014,34.295273,1.7086979,0,0,0,3.5559771,1.5725113,-.0056791496,-.49634427,-.45517421,2.8781176,.095937252,2.4767225,2.510025,26.767096,-3.3723166,-5.7451496,-5.5800891,0,0,2.4752269
2003-10-31,CY000,CY,Kýpros,22.732954,18.750048,9.6165934,27.353743,31.391525,0,0,0,.0045489762,1.550336,2.7264197,1.0301081,.38554996,.39324325,9.9369316,.32054618,5.7374701,6.1187778,25.62385,-18.313637,-19.115004,-17.914715,0,0,2.1762395
2003-11-30,CY000,CY,Kýpros,17.538437,14.334385,10.878139,21.728436,27.759106,0,0,0,.32850492,0,2.4206645,1.0159638,.29364958,.21598722,21.396395,.71321321,10.546813,16.759727,18.674618,-20.06591,-17.847546,-16.750374,0,0,2.2920706
2003-12-31,CY000,CY,Kýpros,13.44854,11.078456,5.5254354,16.389824,20.333178,0,0,.036457315,2.0389829,0,2.0233386,.63367611,.20352215,.16733895,80.214287,2.5875576,22.857903,35.928661,5.5284457,24.036324,18.626232,19.281084,7.4220893e-06,2.3942223e-07,3.2507663
2004-01-31,CY000,CY,Kýpros,11.09128,8.3763361,4.1990304,13.953794,17.67293,0,0,.071744464,4.40872,0,1.956286,-.069358677,-.40269983,-.40824947,153.92018,4.965167,28.808054,48.652397,6.7461376,95.307381,90.848419,92.005119,.00037246011,.000012014842,3.0205255
2004-02-29,CY000,CY,Kýpros,11.677759,8.7183046,3.5133746,14.838637,21.698156,0,0,.10703162,3.8135002,0,2.7292287,.36128667,-.26558694,-.27389702,60.863544,2.098743,20.800577,30.08712,8.2404041,9.1720724,10.009291,10.255061,.00057401793,.000019793722,3.0120938
2004-03-31,CY000,CY,Kýpros,14.890882,11.117566,6.1012988,19.045063,26.459026,0,0,.018228658,1.3126079,0,2.8739252,1.4109914,.6902613,.7175926,1.7552727,.056621701,1.2290468,1.2337555,27.116282,-38.14159,-34.805382,-34.184502,-1.7322600e-07,-5.5879354e-09,2.2917666
2004-04-30,CY000,CY,Kýpros,17.461203,13.32273,9.7096491,21.698521,27.837429,0,0,0,.54905021,0,2.0554755,.36731634,-.048986822,-.041359432,21.180965,.70603222,8.4794636,14.399187,18.689272,-2.0532916,-5.4763942,-4.5344558,0,0,2.4495502
2004-05-31,CY000,CY,Kýpros,21.211845,16.645645,13.874583,25.796341,29.57477,0,0,0,.024451656,.61146772,1.559765,-.16118234,-.6384325,-.66975087,7.3795791,.23805092,4.4009762,5.2400165,18.359858,-9.749033,-16.004063,-14.764599,0,0,2.5403907
2004-06-30,CY000,CY,Kýpros,25.745504,21.01972,16.59511,30.343628,34.08242,2.6628056,0,0,0,3.2816315,2.1506579,-.022207998,-.37503797,-.32011017,3.3462803,.11154268,2.1409018,2.8443878,22.878798,-2.4340184,-2.639492,-2.4388046,0,0,2.3319142
2004-07-31,CY000,CY,Kýpros,29.160973,24.13773,21.485147,34.104156,37.70845,12.798012,0,0,0,6.6163268,1.5011021,.6894421,.26253521,.26341829,.052020397,.0016780773,.051227029,.051262613,31,-2.0968494,-1.889028,-1.7884798,-1.7322600e-07,-5.5879354e-09,2.3807201
2004-08-31,CY000,CY,Kýpros,28.052824,23.756296,21.745716,32.639473,34.464432,5.1773357,0,0,0,5.6409273,.94379771,-.42115706,-.92102081,-.92026401,1.05753,.034113873,.84027487,1.0058042,25.381998,-.7864722,-1.237388,-1.2976228,0,0,2.2271638
2004-09-30,CY000,CY,Kýpros,25.812355,21.155865,18.544523,30.834562,33.991753,1.3702524,0,0,0,3.641587,1.3637822,.10683075,-.38383436,-.34266433,.95541686,.031847227,.72019166,.91031623,27.618492,-5.2950172,-7.6678505,-7.50279,-1.6763806e-07,-5.5879354e-09,1.9981657
2004-10-31,CY000,CY,Kýpros,23.074133,19.026651,16.597332,28.003437,33.207966,.16645567,0,0,.0036276223,1.6312473,1.6304997,1.3712869,.7267288,.73442203,21.542767,.69492799,9.0180445,16.550205,20.636679,-6.7078028,-7.5091691,-6.3088808,0,0,1.9029942
2004-11-30,CY000,CY,Kýpros,16.937519,13.900932,5.3038526,20.694559,27.140635,0,0,.018228658,.45000142,0,4.0736012,.4150452,-.30726898,-.38493136,58.602314,1.9534104,14.633483,31.035347,6.0799637,17.140009,19.358374,20.455544,7.8710764e-06,2.6236921e-07,2.8309312
2004-12-31,CY000,CY,Kýpros,12.400126,9.4638739,3.721242,15.967242,20.354151,0,0,.10266753,2.9825027,0,1.9308432,-.41473788,-.84489185,-.88107502,48.830502,1.5751776,19.107716,29.736197,7.1945529,-7.3474565,-12.757548,-12.102695,1.7322600e-07,5.5879354e-09,2.3186569
2005-01-31,CY000,CY,Kýpros,12.039268,9.1721458,5.3458886,15.367535,20.135225,0,0,0,3.3752985,0,1.5959802,.87862849,.54528731,.5397377,71.38311,2.302681,19.409674,38.194176,12.578012,12.770308,8.3113441,9.4680395,0,0,2.7969537
2005-02-28,CY000,CY,Kýpros,11.29423,8.4380922,2.8859746,14.512536,20.383429,0,0,.27356905,4.1916571,0,2.9968135,-.022242909,-.64911652,-.6574266,27.252577,.97330636,10.544501,18.401192,15.461061,-24.438892,-23.601673,-23.355904,.000031384174,1.1208633e-06,2.9512122
2005-03-31,CY000,CY,Kýpros,14.604369,10.733742,6.4738836,18.783072,24.430286,0,0,0,1.5768466,0,2.1228962,1.1244783,.40374818,.43107945,14.82937,.47836679,3.9926934,7.5102096,16.103832,-25.067493,-21.731285,-21.110403,1.7322600e-07,5.5879354e-09,2.7207794
2005-04-30,CY000,CY,Kýpros,17.759977,13.290463,8.0063887,22.223139,30.086042,0,0,0,.55635595,0,2.9107072,.66609102,.2497879,.25741529,17.899616,.59665388,7.1489639,12.321296,16.986025,-5.3346419,-8.7577448,-7.8158059,0,0,2.7864423
2005-05-31,CY000,CY,Kýpros,21.440163,16.644426,12.963031,26.184639,32.015587,0,0,0,.019252539,.62969637,2.2343564,.067134783,-.41011539,-.44143373,17.229074,.5557766,11.674622,14.098988,24.489233,.10046242,-6.1545682,-4.9151034,0,0,2.3886461
2005-06-30,CY000,CY,Kýpros,25.042683,20.526138,16.953224,29.523129,33.106155,.11615717,0,0,0,2.8184068,2.0945027,-.72502959,-1.0778595,-1.0229317,16.24575,.54152507,9.6232033,12.559618,26.245813,10.465452,10.259979,10.460666,0,0,2.3563683
2005-07-31,CY000,CY,Kýpros,28.696516,24.218292,21.739004,33.327927,36.821415,10.007626,0,0,0,6.1435518,1.6272709,.22498621,-.2019207,-.20103762,1.3272523,.04281459,1.2186126,1.2424984,29.476759,-.82161742,-.61379606,-.51324785,0,0,2.3728421
2005-08-31,CY000,CY,Kýpros,28.503441,24.286791,22.147905,33.254608,35.88612,8.7317848,0,0,0,6.2330847,1.2258524,.02945994,-.47040379,-.46964699,3.8163593,.12310836,3.3259654,3.6207509,29.703398,1.972357,1.5214412,1.4612066,0,0,2.31179
2005-09-30,CY000,CY,Kýpros,25.795456,21.811132,19.261572,30.477066,34.121048,1.074006,0,0,0,3.6287603,1.5302467,.08993119,-.40073392,-.35956389,6.2351799,.20783933,4.2411633,4.7081985,17.844358,-.015254292,-2.3880873,-2.2230268,8.3819032e-08,2.7939677e-09,2.2958169
2005-10-31,CY000,CY,Kýpros,20.491961,16.699816,11.768741,25.166859,29.085945,0,0,0,.037334893,.18984365,2.6500561,-1.2108859,-1.855444,-1.8477507,9.7136307,.31334293,4.8272262,5.4544744,14.961478,-18.53694,-19.338305,-18.138018,0,0,2.3660886
2005-11-30,CY000,CY,Kýpros,15.447324,12.282059,8.007019,19.396902,24.383278,0,0,0,.81686753,0,1.4633087,-1.0751492,-1.7974634,-1.8751258,48.158657,1.6052885,18.973219,28.779793,10.714935,6.6963501,8.9147148,10.011886,0,0,2.4755874
2005-12-31,CY000,CY,Kýpros,13.373121,10.317495,5.7684665,17.452463,22.052578,0,0,.054685969,2.1097083,0,2.5629983,.55825758,.12810361,.091920421,15.57378,.50238001,5.5850639,9.2661495,14.174341,-40.604179,-46.014271,-45.359417,.000014766311,4.7633262e-07,2.3380394
2006-01-31,CY000,CY,Kýpros,10.678988,7.9394693,3.548517,13.763419,18.197271,0,0,.12643044,4.8210115,0,1.6973586,-.48165065,-.81499183,-.82054144,62.5909,2.0190613,13.586263,25.885231,6.6371112,3.9781003,-.480863,.67583281,1.7322600e-07,5.5879354e-09,2.9887068
2006-02-28,CY000,CY,Kýpros,11.670151,8.5883226,3.6677618,15.128744,20.869469,0,0,.10266753,3.7641492,0,2.1308467,.35367772,-.27319589,-.28150594,37.789238,1.3496157,13.498819,30.0103,15.544716,-13.902231,-13.065013,-12.819243,5.6531785e-06,2.0189923e-07,3.0543098
2006-03-31,CY000,CY,Kýpros,13.724706,10.125814,6.8732572,17.596989,21.610971,0,0,0,2.1636786,0,1.4546432,.24481474,-.47591537,-.44858411,41.075882,1.3250284,10.73987,13.160926,6.574194,1.1790171,4.5152259,5.1361065,0,0,2.8599753
2006-04-30,CY000,CY,Kýpros,17.475435,13.473504,10.33976,21.884792,27.162397,0,0,0,.50813103,0,1.7858387,.38154975,-.034753405,-.027126014,21.531044,.71770149,8.5235147,14.71035,16.403383,-1.7032132,-5.1263161,-4.1843772,1.6763806e-07,5.5879354e-09,2.2551188
2006-05-31,CY000,CY,Kýpros,21.691425,16.963688,13.122843,26.616354,34.508297,1.0248543,0,0,.018137306,.73035431,3.0936346,.31839749,-.15885265,-.19017102,10.372072,.33458298,4.755507,6.7927389,16.483871,-6.7565389,-13.011569,-11.772105,0,0,2.1311157
2006-06-30,CY000,CY,Kýpros,26.115705,21.270151,17.424654,30.890909,36.746147,3.326268,0,0,0,3.9752738,2.4727442,.34799343,-.0048365504,.050091263,.36886078,.012295359,.27195606,.31388387,29.968735,-5.411438,-5.6169114,-5.416224,0,0,2.4028358
2006-07-31,CY000,CY,Kýpros,28.223364,23.964239,20.909231,32.658821,35.060883,7.6096735,0,0,0,5.6958117,1.3347906,-.2481669,-.6750738,-.67419076,9.3310814,.30100262,5.1316934,9.025713,24.715286,7.1822114,7.3900328,7.490581,4.3306500e-08,1.3969839e-09,2.4837494
2006-08-31,CY000,CY,Kýpros,29.027088,24.403143,22.203856,33.922226,37.631107,11.498992,.32315686,0,0,6.6246734,1.4090302,.55310649,.053242747,.053999558,.18401706,.0059360345,.11353292,.13936435,31,-1.6599853,-2.1109011,-2.1711357,0,0,2.1321602
2006-09-30,CY000,CY,Kýpros,26.16482,22.141474,19.042564,30.60737,33.858124,.97054321,0,0,0,3.7345357,1.722536,.45929536,-.031369742,.0098002953,15.181369,.50604558,7.7892666,11.895676,20.732376,8.930934,6.5581017,6.7231617,8.3819032e-08,2.7939677e-09,2.2851017
2006-10-31,CY000,CY,Kýpros,21.393295,18.03767,13.963306,25.347713,30.073183,0,0,0,.012157795,.29873231,2.1446056,-.30955157,-.95410973,-.94641644,75.969147,2.4506176,16.167608,26.777088,9.744236,47.718575,46.917206,48.117496,0,0,2.1423805
2006-11-30,CY000,CY,Kýpros,15.482576,12.018569,9.0803919,19.762074,22.156504,0,0,0,.88822979,0,1.3815699,-1.0398974,-1.7622117,-1.839874,31.114128,1.0371376,20.413717,23.204967,18.768175,-10.348177,-8.1298122,-7.0326414,0,0,2.2498865
2006-12-31,CY000,CY,Kýpros,12.201232,8.5178051,2.1133192,16.501387,20.086433,0,0,.22239356,3.2757921,0,2.3131518,-.61363184,-1.0437858,-1.079969,5.8870893,.18990611,2.4725053,2.9323955,16.518175,-50.290871,-55.700962,-55.046108,6.6354410e-06,2.1404648e-07,2.5111837
2007-01-31,CY000,CY,Kýpros,11.070819,7.4610243,4.1612458,15.240154,19.371613,0,0,.18228658,4.2421889,0,1.3489999,-.089819759,-.42316091,-.42871052,27.447861,.8854149,12.606077,15.606712,13.245234,-31.164938,-35.623901,-34.467205,-1.7322600e-07,-5.5879354e-09,2.3657248
2007-02-28,CY000,CY,Kýpros,11.973872,8.8546171,4.9527388,15.373083,19.321518,0,0,.036457315,3.4908512,0,1.7887435,.65739971,.03052609,.022216028,74.781754,2.6707771,27.468836,48.092106,8.491663,23.090284,23.927504,24.173273,0,0,2.3893123
2007-03-31,CY000,CY,Kýpros,14.082981,10.374706,6.8167734,18.087765,22.231741,0,0,0,1.9157057,0,1.7663894,.60309029,-.11763986,-.090308592,28.515272,.91984749,8.7822914,16.291168,11.746288,-11.381592,-8.0453825,-7.4245019,5.3309154e-06,1.7196501e-07,2.643038
2007-04-30,CY000,CY,Kýpros,16.63872,12.406325,9.6931419,20.927576,25.377863,0,0,0,.79866058,0,1.7551764,-.45516694,-.87147009,-.86384273,21.397575,.71325248,7.5674195,8.843523,11.845318,-1.836682,-5.2597847,-4.3178458,0,0,2.6883984
2007-05-31,CY000,CY,Kýpros,22.17313,18.108704,13.215011,26.428127,34.097744,.86749291,0,0,.00070490333,.73035431,2.1231253,.80010182,.32285169,.29153332,57.243092,1.8465513,19.540688,35.725857,9.9679747,40.114479,33.859451,35.098915,-1.7322600e-07,-5.5879354e-09,2.2077947
2007-06-30,CY000,CY,Kýpros,26.749598,22.081219,17.363127,31.315319,38.978046,7.691195,.58439344,0,0,4.2716422,3.7052767,.981884,.62905401,.68398184,1.2101351,.040337838,.774198,.96279335,29.484121,-4.5701637,-4.7756371,-4.5749497,1.6763806e-07,5.5879354e-09,2.3577085
2007-07-31,CY000,CY,Kýpros,29.58547,24.93161,21.9126,34.33419,38.735439,12.994398,1.1092931,0,0,7.2259545,1.6571777,1.1139396,.68703276,.6879158,1.2535515,.040437147,.89474022,.9721567,30.779612,-.89531833,-.68749684,-.58694875,0,0,2.2484176
2007-08-31,CY000,CY,Kýpros,28.843946,24.711052,22.899731,33.461361,36.976776,9.639926,0,0,0,6.3313355,1.127161,.36996448,-.12989925,-.12914245,3.6171634,.11668269,1.887404,3.2860458,25.123362,1.7731612,1.3222454,1.2620107,8.6612999e-08,2.7939677e-09,2.2269635
2007-09-30,CY000,CY,Kýpros,25.930079,21.471268,18.530903,30.856771,36.506222,2.3469234,0,0,0,3.6585553,2.002759,.2245532,-.26611191,-.22494186,1.0670558,.035568528,.87970752,1.0377262,26.58073,-5.1833782,-7.5562115,-7.391151,0,0,2.3069577
2007-10-31,CY000,CY,Kýpros,22.891077,19.14678,15.463388,27.260834,32.633568,0,0,0,.0028471367,1.5720384,1.7965324,1.1882311,.54367298,.55136627,12.468398,.40220639,4.2885032,5.9929762,18.526834,-15.782171,-16.583538,-15.383249,0,0,2.1442389
2007-11-30,CY000,CY,Kýpros,17.654039,14.261453,9.6754293,21.688572,28.610603,0,0,0,.35983908,0,2.8338211,1.1315668,.40925252,.33159015,19.921083,.6640361,6.2114949,10.491033,10.55442,-21.541224,-19.322859,-18.225687,0,0,2.5804887
2007-12-31,CY000,CY,Kýpros,12.959758,9.8157988,5.4577937,16.608669,20.570988,0,0,.036457315,2.5957701,0,1.8221531,.14489433,-.2852596,-.32144281,54.484314,1.7575585,15.216434,30.420301,13.397255,-1.6936451,-7.1037369,-6.448884,3.4645200e-07,1.1175871e-08,2.3728247
2008-01-31,CY000,CY,Kýpros,10.157125,6.7644572,2.5118287,13.950278,17.53953,0,0,.48358476,5.342875,0,1.7194698,-1.0035139,-1.3368551,-1.3424047,22.304321,.71949422,8.7808514,14.875892,13.935123,-36.308479,-40.767441,-39.610744,.00013307665,4.2927954e-06,2.9075599
2008-02-29,CY000,CY,Kýpros,11.044259,7.3508506,2.8038428,14.932024,18.278728,0,0,.31790093,4.4602823,0,1.6520278,-.27221403,-.89908767,-.90739769,27.091347,.93418437,9.0516586,14.879886,10.96137,-24.600122,-23.762905,-23.517134,.00012861242,4.4349113e-06,2.7923834
2008-03-31,CY000,CY,Kýpros,16.618023,12.373034,8.2978296,21.502468,30.303885,0,0,0,.7897501,0,2.4985831,3.1381326,2.4174023,2.4447336,22.683573,.73172814,9.101799,16.551693,19.261793,-17.213291,-13.877083,-13.256202,1.7322600e-07,5.5879354e-09,2.7249494
2008-04-30,CY000,CY,Kýpros,19.079206,14.44228,10.344456,23.85317,33.927723,.88416237,0,0,.27444783,.030923063,3.2453992,1.9853203,1.5690172,1.5766445,8.026967,.26756555,3.5070844,4.2533293,23.108107,-15.207291,-18.630394,-17.688456,1.6763806e-07,5.5879354e-09,2.6832888
2008-05-31,CY000,CY,Kýpros,21.652157,17.161436,13.279515,26.091991,31.962437,0,0,0,.017026188,.62969637,2.8719654,.27913043,-.19811973,-.22943808,6.9444575,.22401476,4.1367378,5.0542717,21.260136,-10.184154,-16.439184,-15.199719,0,0,2.3969603
2008-06-30,CY000,CY,Kýpros,27.283278,22.663321,19.852758,31.820671,36.460377,6.3006802,0,0,0,5.0246763,2.3229961,1.5155637,1.1627337,1.2176615,.18711905,.0062373015,.13952166,.15169674,29.799484,-5.5931797,-5.7986536,-5.5979662,0,0,2.4593635
2008-07-31,CY000,CY,Kýpros,29.300276,24.763922,22.733854,33.962421,37.041035,12.603871,0,0,0,7.0498915,1.2199541,.82874614,.4018392,.4027223,.34780869,.011219636,.30741557,.31461498,30.768265,-1.801061,-1.5932397,-1.4926915,0,0,2.3662872
2008-08-31,CY000,CY,Kýpros,29.729057,25.420706,23.449322,34.376038,36.479496,16.291973,0,0,0,7.2691379,.95975757,1.2550763,.7552126,.75596941,2.2712867,.073267311,.9338938,1.7316192,29.253719,.4272843,-.023631493,-.083866172,0,0,2.0892246
2008-09-30,CY000,CY,Kýpros,25.882044,21.902264,18.91083,30.26663,33.961811,1.1230835,0,0,0,3.5763955,1.9407206,.17651971,-.31414539,-.27297536,17.201406,.57338023,7.0109067,8.4460192,16.871058,10.950974,8.5781403,8.7432003,1.6763806e-07,5.5879354e-09,2.4084368
2008-10-31,CY000,CY,Kýpros,21.703079,18.02166,14.508644,26.017992,29.992868,0,0,0,.015708087,.63580269,1.6731327,.00023331902,-.64432478,-.63663149,23.888393,.77059335,10.870193,13.968865,14.771296,-4.3621755,-5.1635418,-3.9632535,-1.7322600e-07,-5.5879354e-09,2.0704765
2008-11-30,CY000,CY,Kýpros,18.342451,14.998766,11.306667,22.52511,25.87974,0,0,0,.19766825,0,1.6761769,1.8199774,1.0976632,1.0200008,18.417641,.6139214,8.8562393,13.085943,11.784848,-23.044664,-20.8263,-19.729128,0,0,2.2019169
2008-12-31,CY000,CY,Kýpros,13.51213,10.222054,5.1451826,17.540583,23.438265,0,0,.07291463,2.1399713,0,2.5849969,.69726622,.26711228,.23092909,56.635544,1.8269529,22.620974,44.070438,16.077095,.45758227,-4.9525094,-4.2976565,.00027067208,8.7313574e-06,2.5450144
2009-01-31,CY000,CY,Kýpros,12.332928,9.2881508,3.4754925,15.846632,18.714396,0,0,.16887775,3.1065183,0,1.8110522,1.172289,.83894789,.83339828,56.26157,1.8148894,17.171711,27.532425,17.397251,-2.3512297,-6.8101931,-5.6534972,0,0,2.5167654
2009-02-28,CY000,CY,Kýpros,12.251181,9.4093599,6.4123945,15.482944,19.74559,0,0,0,3.1820173,0,1.8075761,.93470824,.30783463,.29952455,64.514496,2.3040891,11.836874,19.266468,7.9910622,12.823026,13.660244,13.906014,1.5835377e-07,5.6554916e-09,3.0997374
2009-03-31,CY000,CY,Kýpros,13.420767,9.9458895,6.5237741,16.983519,21.984602,0,0,0,2.4107614,0,1.6330348,-.059123762,-.77985388,-.75252259,45.147274,1.4563637,14.905066,18.674051,7.5215611,5.2504101,8.5866184,9.2074995,0,0,3.1298423
2009-04-30,CY000,CY,Kýpros,17.434044,13.264506,10.366434,21.933456,26.712784,0,0,0,.56535083,0,1.4216658,.34015831,-.076144837,-.068517447,17.043932,.56813109,5.8161077,9.7088614,15.318215,-6.1903253,-9.6134281,-8.6714897,0,0,2.598407
2009-05-31,CY000,CY,Kýpros,21.35533,16.799559,13.294532,25.837236,32.724934,.37746793,0,0,.018951539,.62969637,2.5600359,-.017698318,-.49494848,-.52626681,27.000206,.87097442,14.100734,20.31653,14.342384,9.8715954,3.616565,4.8560295,0,0,2.4855649
2009-06-30,CY000,CY,Kýpros,27.24703,22.555471,19.468555,31.910131,36.1045,3.4787002,0,0,0,4.6873946,1.6252754,1.4793169,1.126487,1.1814148,1.1629293,.038764309,.68963009,.88373643,27.726704,-4.6173697,-4.8228431,-4.6221557,0,0,2.4706657
2009-07-31,CY000,CY,Kýpros,29.337812,25.168034,22.431841,33.739895,36.681198,11.836111,0,0,0,7.0709362,1.7013173,.86628234,.4393754,.4402585,.56793422,.01832046,.24176224,.2856552,30.965883,-1.5809355,-1.3731141,-1.2725658,1.7322600e-07,5.5879354e-09,2.6605501
2009-08-31,CY000,CY,Kýpros,28.893324,24.469669,21.822395,33.585518,36.580704,8.9521065,0,0,0,6.3423266,1.1881509,.41934308,-.08052066,-.079763845,2.3077233,.074442685,1.1663222,1.3051443,25.010305,.46372089,.01280506,-.047429621,-8.6612999e-08,-2.7939677e-09,2.3770278
2009-09-30,CY000,CY,Kýpros,25.372431,21.601389,18.508556,29.624308,33.907127,.80184525,0,0,0,3.4320025,1.7794157,-.33309361,-.82375872,-.78258872,42.141628,1.4047209,13.130378,28.053625,10.399904,35.891193,33.51836,33.683422,0,0,2.2365279
2009-10-31,CY000,CY,Kýpros,23.449263,19.500706,15.629737,28.303715,33.798996,.73154783,0,0,0,1.9608487,2.2796628,1.7464163,1.1018583,1.1095515,45.135056,1.4559695,14.160316,27.916056,25.044069,16.884485,16.083118,17.283407,0,0,1.9380832
2009-11-30,CY000,CY,Kýpros,17.064882,13.828934,10.277329,21.05065,25.0518,0,0,0,.46177796,0,1.62089,.54240906,-.17990513,-.2575675,29.958731,.99862432,11.948757,19.664043,13.906021,-11.503574,-9.2852106,-8.1880398,0,0,2.3366439
2009-12-31,CY000,CY,Kýpros,14.426476,11.585516,8.6064425,17.756872,21.211761,0,0,0,1.4297692,0,1.1045662,1.6116132,1.1814592,1.145276,83.911385,2.7068191,20.525757,36.200314,11.20622,27.733429,22.323336,22.978189,1.7322600e-07,5.5879354e-09,2.651602
2010-01-31,CY000,CY,Kýpros,13.020646,10.25365,4.1349912,16.226681,21.377741,0,0,.084438875,2.4907963,0,2.2406242,1.8600076,1.5266664,1.5211169,90.766266,2.9279442,38.373169,48.003452,11.326372,32.153465,27.694504,28.8512,0,0,3.1033769
2010-02-28,CY000,CY,Kýpros,13.070491,9.8659792,3.6664596,16.484034,22.120459,0,0,.15181924,2.5857725,0,2.6826298,1.7540178,1.1271442,1.1188341,67.126656,2.3973806,23.430243,35.623169,14.05959,15.435184,16.272404,16.518173,2.4798618e-07,8.8566496e-09,2.9936018
2010-03-31,CY000,CY,Kýpros,15.454522,11.436819,8.2738943,19.888926,23.866686,0,0,0,1.0829933,0,1.5858643,1.9746318,1.2539017,1.281233,1.7100306,.055162277,.88500255,1.1050504,25.088795,-38.186832,-34.850624,-34.229744,1.7322600e-07,5.5879354e-09,2.5535669
2010-04-30,CY000,CY,Kýpros,18.45863,14.077306,10.971086,23.272581,27.432667,0,0,0,.36938223,0,1.9987837,1.3647443,.94844115,.95606852,21.733459,.72444862,11.153836,12.15121,9.4023323,-1.5007981,-4.9239011,-3.9819622,0,0,2.4313633
2010-05-31,CY000,CY,Kýpros,22.185116,17.407875,13.820256,27.16946,33.127396,.40839097,0,0,.0075981501,1.2474468,2.3604743,.81208843,.33483827,.3035199,11.271335,.36359146,8.8721552,8.9756289,24.781313,-5.8572764,-12.112307,-10.872843,3.4645200e-07,1.1175871e-08,2.4080856
2010-06-30,CY000,CY,Kýpros,25.33223,21.159245,18.812786,29.654663,35.661549,2.3964908,0,0,0,3.2271359,2.4217048,-.43548322,-.78831321,-.73338538,16.692884,.55642951,6.3774343,7.9413018,18.518501,10.912586,10.707113,10.9078,0,0,2.632458
2010-07-31,CY000,CY,Kýpros,28.254736,23.782829,21.070724,32.781528,37.707836,5.7108922,.18468432,0,0,5.7463064,1.3958408,-.21679431,-.6437012,-.64281815,.53336906,.017205454,.42755851,.51590496,30.505232,-1.6155007,-1.4076792,-1.3071311,0,0,2.1580265
2010-08-31,CY000,CY,Kýpros,30.703037,26.265856,23.553371,35.574627,40.153111,18.10931,1.8732116,0,0,8.2309885,1.5895752,2.2290554,1.7291918,1.7299486,.71051407,.022919808,.38707048,.60650718,30.46278,-1.1334883,-1.5844041,-1.6446388,0,0,2.0406854
2010-09-30,CY000,CY,Kýpros,27.194057,22.862139,21.15941,31.964462,34.418083,2.0787642,0,0,0,4.8527508,.93600494,1.4885322,.99786705,1.0390371,4.939147,.16463824,3.39305,3.4708002,28.361685,-1.3112872,-3.6841202,-3.5190597,0,0,2.316751
2010-10-31,CY000,CY,Kýpros,22.931818,19.175272,15.206214,27.303513,32.186142,0,0,0,.0039300681,1.5619161,2.0341907,1.2289711,.58441299,.59210628,11.140498,.35937092,5.1030478,5.4106197,19.814514,-17.110071,-17.911438,-16.711149,0,0,2.3704219
2010-11-30,CY000,CY,Kýpros,19.55714,14.98564,12.441932,25.383591,29.051739,0,0,0,.25159192,.37746793,1.3270615,3.0346668,2.3123527,2.2346902,2.1417155,.071390517,1.7155201,1.8364251,26.452765,-39.320591,-37.102226,-36.005054,0,0,1.7438362
2010-12-31,CY000,CY,Kýpros,15.499869,12.092412,8.1021395,19.772697,26.46314,0,0,0,.79374057,0,1.9776921,2.6850061,2.2548523,2.2186689,49.053226,1.5823622,15.758343,26.330732,13.393533,-7.1247315,-12.534823,-11.879971,-1.7322600e-07,-5.5879354e-09,2.5304003
2011-01-31,CY000,CY,Kýpros,12.385404,9.5584831,7.0515885,15.68117,17.784069,0,0,0,3.0279098,0,.7131198,1.2247645,.89142329,.88587368,71.071419,2.2926264,20.486959,28.523836,9.9314432,12.458618,7.9996552,9.1563511,0,0,2.4485188
2011-02-28,CY000,CY,Kýpros,12.424681,9.1599827,4.3634009,16.000048,19.82724,0,0,.053515811,3.1236947,0,1.7009424,1.1082078,.48133421,.47302416,62.078857,2.2171021,14.651076,24.752218,9.8837404,10.387386,11.224605,11.470374,0,0,2.659008
2011-03-31,CY000,CY,Kýpros,14.008974,10.219827,5.1176815,18.062216,22.825909,0,0,.018228658,2.0007694,0,2.1873295,.52908391,-.19164622,-.16431496,43.125237,1.3911366,11.844196,21.070044,8.793376,3.2283733,6.5645819,7.185463,.00015781132,5.0906879e-06,2.3490636
2011-04-30,CY000,CY,Kýpros,16.715248,12.931058,9.7043972,20.525047,27.060661,0,0,0,.67134619,0,1.8987054,-.37863737,-.79494053,-.7873131,47.591518,1.5863841,11.855965,17.190104,8.1890383,24.357262,20.934158,21.876099,0,0,2.6455791
2011-05-31,CY000,CY,Kýpros,20.754181,16.681084,12.81267,24.970673,30.595882,0,0,0,.02388642,.54392362,2.3446147,-.618846,-1.0960962,-1.1274145,48.063053,1.5504211,18.468515,26.293966,11.577348,30.934441,24.679411,25.918875,-8.6612999e-08,-2.7939677e-09,2.3922565
2011-06-30,CY000,CY,Kýpros,25.645378,21.414135,18.262905,30.018415,35.368874,2.920162,0,0,0,3.3187177,2.2194829,-.12233463,-.47516462,-.4202368,6.816977,.22723256,4.7467723,5.7179337,15.963003,1.0366782,.83120447,1.0318918,-1.6763806e-07,-5.5879354e-09,2.5465078
2011-07-31,CY000,CY,Kýpros,28.935957,24.167143,20.310009,33.686367,37.143173,12.26669,.10346276,0,0,6.4466987,1.7543626,.46442685,.03751995,.038403034,.40201864,.012968344,.31781879,.36329466,30.675571,-1.7468511,-1.5390297,-1.4384816,1.7322600e-07,5.5879354e-09,2.1206257
2011-08-31,CY000,CY,Kýpros,29.150549,24.654173,22.000195,34.005062,36.559582,12.172076,0,0,0,6.7111425,1.0835593,.67656738,.17670368,.17746049,.94131768,.030365087,.73815876,.79657501,30.088074,-.90268463,-1.3536005,-1.4138352,0,0,2.4318686
2011-09-30,CY000,CY,Kýpros,26.610817,22.369217,20.02564,31.468538,34.839657,2.7205439,0,0,0,4.1615686,1.5148543,.90529269,.41462761,.45579764,29.440699,.98135668,15.180503,24.891155,20.112503,23.190264,20.817432,20.982492,0,0,2.1239851
2011-10-31,CY000,CY,Kýpros,21.100721,17.334305,13.150734,25.347343,30.074022,0,0,0,.026886158,.30070516,2.0718453,-.60212523,-1.2466834,-1.2389901,14.316516,.46182308,6.5941358,9.0575256,16.735594,-13.934053,-14.73542,-13.535131,0,0,2.4273474
2011-11-30,CY000,CY,Kýpros,14.83252,11.484046,6.6856437,18.787954,23.269012,0,0,.018228658,1.2630668,0,1.788515,-1.6899534,-2.4122677,-2.4899302,41.167953,1.3722652,16.806555,27.046404,12.087105,-.29435056,1.9240139,3.0211849,0,0,2.2341409
2011-12-31,CY000,CY,Kýpros,12.631763,9.1402044,5.1261835,16.840534,20.49151,0,0,.054685969,2.8745806,0,1.5769415,-.18310006,-.61325401,-.64943719,39.274849,1.2669307,13.257187,16.249443,11.975067,-16.903111,-22.313202,-21.658348,1.5236642e-09,4.9150458e-11,2.2092421
2012-01-31,CY000,CY,Kýpros,10.819465,8.0250225,1.8272157,13.826357,16.676729,0,0,.1871064,4.6805348,0,1.7139772,-.34117392,-.67451507,-.68006468,142.54802,4.5983229,29.398567,53.268349,4.9190869,83.935211,79.47625,80.63295,.000017354971,5.5983782e-07,2.9592407
2012-02-29,CY000,CY,Kýpros,10.703352,7.5692325,2.5574121,14.071459,17.648748,0,0,.25768071,4.7966475,0,1.7008774,-.61312032,-1.2399939,-1.248304,63.699379,2.1965303,15.187672,25.280146,8.9789762,12.00791,12.845128,13.090898,.00040084761,.000013822331,3.5785048
2012-03-31,CY000,CY,Kýpros,12.770292,8.9754858,3.8449094,16.626087,21.151211,0,0,.14582926,2.9942849,0,2.4513285,-.70959789,-1.430328,-1.4029968,28.077456,.90572441,7.9947472,16.24711,14.553427,-11.819408,-8.4831991,-7.8623185,.000012359696,3.9869985e-07,2.6944294
2012-04-30,CY000,CY,Kýpros,17.923454,13.185193,8.9652929,22.855837,28.03817,0,0,0,.58543682,0,2.2754104,.82956934,.41326621,.42089358,21.89398,.72979933,10.400836,17.386175,15.307582,-1.3402781,-4.763381,-3.8214421,0,0,2.2639792
2012-05-31,CY000,CY,Kýpros,21.198484,17.263988,15.032046,25.381542,29.161205,0,0,0,.013517469,.61146772,1.2464998,-.17454216,-.65179229,-.68311065,29.99366,.9675374,11.612406,16.289461,12.678771,12.865048,6.6100183,7.8494825,-1.7322600e-07,-5.5879354e-09,2.5298736
2012-06-30,CY000,CY,Kýpros,26.693041,22.098051,16.777571,31.467564,36.209919,4.0178246,0,0,0,4.2273202,2.2282009,.92532849,.5724985,.62742633,5.2642236,.17547412,3.5505071,4.7412181,20.842684,-.51607525,-.72154903,-.52086157,-8.3819032e-08,-2.7939677e-09,2.0375032
2012-07-31,CY000,CY,Kýpros,30.183502,26.022381,24.106987,34.645149,38.76886,15.842045,.98762512,0,0,7.4727788,1.3909613,1.7119726,1.2850657,1.2859488,.9754324,.03146556,.51822853,.64335531,29.540459,-1.1734374,-.96561599,-.86506778,0,0,2.2348926
2012-08-31,CY000,CY,Kýpros,29.722319,25.575279,22.699554,34.258026,36.398407,13.456283,0,0,0,7.2417374,1.2754022,1.2483373,.74847353,.74923033,2.6409702,.085192591,1.5587425,2.6253967,29.92577,.79696792,.34605214,.28581744,1.7322600e-07,5.5879354e-09,2.5547059
2012-09-30,CY000,CY,Kýpros,26.473198,22.008884,19.431149,31.418159,35.195103,2.6043377,0,0,0,4.2980313,1.5531994,.76767337,.27700824,.31817827,1.647779,.054925967,.91322517,1.0505208,24.868753,-4.6026549,-6.9754882,-6.8104277,1.6763806e-07,5.5879354e-09,2.1257491
2012-10-31,CY000,CY,Kýpros,22.613398,19.162827,15.755557,26.945709,31.763918,0,0,0,.0022774043,1.2261163,2.1491742,.91055113,.265993,.27368629,78.642021,2.5368392,24.242945,34.643082,10.157693,50.391449,49.590084,50.790371,0,0,1.8200037
2012-11-30,CY000,CY,Kýpros,18.233576,15.102235,11.135114,22.08226,27.288345,0,0,0,.18991295,0,2.3074927,1.7111025,.98878831,.9111259,57.207771,1.9069258,20.401251,38.973339,8.8229017,15.745468,17.963833,19.061003,-1.6763806e-07,-5.5879354e-09,2.109865
2012-12-31,CY000,CY,Kýpros,13.887728,11.053544,7.2522964,17.192371,22.219341,0,0,0,1.8373349,0,1.389294,1.0728642,.64271021,.60652697,103.53544,3.3398528,20.441111,47.340923,6.0218329,47.357479,41.947388,42.602238,-1.7322600e-07,-5.5879354e-09,2.4810534
2013-01-31,CY000,CY,Kýpros,11.758049,8.7199879,3.4119275,15.208777,18.709154,0,0,.15501319,3.6594231,0,2.0871391,.59741032,.26406917,.25851956,53.231274,1.7171378,9.3699045,17.180525,8.8733797,-5.3815284,-9.8404913,-8.6837959,.00039558532,.000012760816,2.7058148
2013-02-28,CY000,CY,Kýpros,13.218397,9.8487949,6.1145782,16.912176,21.422483,0,0,0,2.4876449,0,1.2305255,1.9019243,1.2750506,1.2667406,37.955753,1.3555626,18.270981,19.164051,7.7577333,-13.735719,-12.898499,-12.65273,0,0,2.9838903
2013-03-31,CY000,CY,Kýpros,14.903205,10.785995,5.9953651,19.102352,26.052805,0,0,0,1.4866232,0,2.2094858,1.4233139,.70258379,.72991508,7.0307536,.2267985,1.5858637,2.5774031,20.504827,-32.866112,-29.529902,-28.909021,0,0,3.19943
2013-04-30,CY000,CY,Kýpros,18.143797,13.900161,10.705739,22.721659,32.129181,.054311041,0,0,.41006383,0,2.9367161,1.0499102,.63360709,.64123446,36.882473,1.2294158,12.36122,18.788664,10.146748,13.648216,10.225113,11.167052,0,0,2.6289718
2013-05-31,CY000,CY,Kýpros,23.171261,18.714653,14.736255,27.81995,32.307549,.054311041,0,0,.00022851968,1.5411228,2.4912941,1.7982339,1.3209838,1.2896653,54.190884,1.748093,17.597521,35.103935,16.086977,37.062271,30.807241,32.046707,1.7322600e-07,5.5879354e-09,2.1206775
2013-06-30,CY000,CY,Kýpros,26.086386,21.604605,18.252045,30.702755,35.177681,3.4935191,0,0,0,3.6555967,2.1675079,.31867188,-.034158103,.020769712,.55640841,.018546946,.40906101,.46061549,30,-5.2238903,-5.4293642,-5.2286768,0,0,2.6165731
2013-07-31,CY000,CY,Kýpros,28.350105,23.949203,20.746696,32.919178,35.900742,6.0582871,0,0,0,5.7477417,1.379113,-.12142473,-.54833162,-.54744858,.1270871,.0040995837,.10845724,.11294683,31,-2.0217826,-1.8139613,-1.7134131,0,0,2.4844127
2013-08-31,CY000,CY,Kýpros,29.286726,24.786781,22.642054,34.144775,36.440456,13.84112,0,0,0,6.7160153,1.0728217,.81274432,.31288061,.31363741,.57938892,.018689966,.52965248,.53330731,27.920015,-1.2646134,-1.7155292,-1.7757639,1.7322600e-07,5.5879354e-09,2.3737311
2013-09-30,CY000,CY,Kýpros,25.729708,21.626383,18.448023,30.234808,35.591125,1.8584841,0,0,0,3.5659742,1.7273114,.024182456,-.46648264,-.42531261,8.147234,.27157447,4.5108461,5.5215702,20.075523,1.8967999,-.47603312,-.31097257,0,0,2.3827214
2013-10-31,CY000,CY,Kýpros,20.86647,16.292419,13.118192,25.876347,30.094152,0,0,0,.05548821,.62188917,1.716323,-.83637601,-1.4809341,-1.4732409,5.4622607,.17620195,3.2983942,4.2549944,17.771517,-22.788309,-23.589676,-22.389387,0,0,2.5130043
2013-11-30,CY000,CY,Kýpros,18.440113,14.849454,11.789022,22.936485,26.798862,0,0,0,.22816132,0,1.3817616,1.9176397,1.1953256,1.1176633,17.672888,.58909625,5.0828061,8.3520603,8.2651691,-23.789417,-21.571054,-20.473883,1.6763806e-07,5.5879354e-09,2.2016764
2013-12-31,CY000,CY,Kýpros,11.813,8.8682194,3.3725197,15.358854,21.748957,0,0,.174412,3.5757666,0,2.9053948,-1.001864,-1.4320179,-1.4682012,61.26709,1.9763577,15.270121,25.803238,13.176818,5.0891294,-.32096234,.33389041,.00077130453,.00002488079,3.0992103
2014-01-31,CY000,CY,Kýpros,12.792243,9.7609062,6.844882,16.609213,18.842707,0,0,0,2.626255,0,.90300649,1.631604,1.2982627,1.2927132,29.698143,.95800465,11.869455,23.242256,17.726803,-28.914658,-33.373619,-32.216923,3.4645200e-07,1.1175871e-08,2.3628874
2014-02-28,CY000,CY,Kýpros,12.824709,9.0112228,4.6280885,17.271885,22.274521,0,0,.07291463,2.8032508,0,1.9599576,1.5082361,.88136244,.87305236,19.83242,.70830071,7.2668438,11.1683,15.036853,-31.859049,-31.021832,-30.77606,0,0,2.2268085
2014-03-31,CY000,CY,Kýpros,15.247586,11.410785,7.1499419,19.506783,24.870014,0,0,0,1.1840882,0,1.8041193,1.7676952,1.046965,1.0742964,20.952875,.67589915,6.1490407,11.524675,16.066236,-18.943989,-15.60778,-14.9869,1.7322600e-07,5.5879354e-09,2.6378536
2014-04-30,CY000,CY,Kýpros,18.25054,13.555777,9.1894999,22.980221,29.337488,0,0,0,.49683321,0,1.9284512,1.1566539,.74035078,.74797815,16.283449,.54278165,5.0348835,7.7357593,11.75302,-6.950808,-10.373911,-9.4319715,0,0,2.3359985
2014-05-31,CY000,CY,Kýpros,21.133686,17.104403,13.922471,25.237246,30.836506,0,0,0,.016414152,.61146772,2.232691,-.23934174,-.71659189,-.74791026,61.184673,1.9736991,27.884903,43.885757,15.291144,44.056061,37.801029,39.040493,0,0,2.1965463
2014-06-30,CY000,CY,Kýpros,25.838821,21.524467,18.107515,30.002752,38.151829,3.6755686,.22076671,0,0,3.3179219,3.1217492,.071107857,-.28172213,-.2267943,8.5160475,.28386825,3.3986464,6.6679544,22.162395,2.735749,2.5302753,2.7309625,0,0,2.8429842
2014-07-31,CY000,CY,Kýpros,28.178471,23.795965,22.091208,32.64571,35.584709,5.1978273,0,0,0,5.5686774,1.1615081,-.29305977,-.71996665,-.71908361,1.5460924,.049873948,.74645561,.97530788,29.757612,-.6027773,-.39495593,-.29440773,0,0,2.4837883
2014-08-31,CY000,CY,Kýpros,28.970745,24.819723,23.212709,33.38343,36.438457,9.4791746,0,0,0,6.3370113,1.1291171,.49676323,-.0031004897,-.0023436791,4.9281983,.15897414,2.1693366,2.8216639,22.023401,3.0841961,2.63328,2.5730455,8.6612999e-08,2.7939677e-09,2.0815382
2014-09-30,CY000,CY,Kýpros,25.646845,22.017151,19.0562,29.727055,32.834736,.061846126,0,0,0,3.334559,1.3946071,-.058680076,-.5493452,-.50817513,16.269234,.54230779,4.9300389,8.1298819,17.749178,10.018799,7.6459661,7.8110266,0,0,2.7119672
2014-10-31,CY000,CY,Kýpros,21.416548,17.79093,13.50292,25.629753,29.734184,0,0,0,.018202448,.62239718,1.8840376,-.28629753,-.93085569,-.9231624,67.538788,2.1786706,17.614883,28.95841,10.585826,39.288223,38.486855,39.687145,0,0,1.9539911
2014-11-30,CY000,CY,Kýpros,16.516607,13.276055,9.3733425,20.488846,24.716539,0,0,0,.6135084,0,1.9848106,-.0058658239,-.72817999,-.8058424,43.888256,1.4629419,16.103559,18.374928,11.740237,2.4259503,4.6443148,5.7414856,0,0,2.1490428
2014-12-31,CY000,CY,Kýpros,14.827934,11.79151,7.8070741,18.385508,21.375341,0,0,0,1.2000574,0,1.5555258,2.0130711,1.5829172,1.546734,66.325378,2.1395283,18.4153,31.988325,8.0024166,10.147415,4.7373233,5.3921762,0,0,2.309736
2015-01-31,CY000,CY,Kýpros,11.305833,8.3499346,2.5293097,14.616273,19.144861,0,0,.15064909,4.1901655,0,2.3215661,.14519377,-.1881474,-.19369701,62.781574,2.025212,19.14172,30.203297,13.183879,4.1687737,-.29018945,.86650634,.00011085605,3.5760017e-06,2.9697642
2015-02-28,CY000,CY,Kýpros,11.836614,8.8187704,2.9767356,15.069572,20.413263,0,0,.10149737,3.6264973,0,2.4606097,.52014095,-.10673268,-.11504275,63.362717,2.2629542,13.825937,28.293367,7.7836595,11.671247,12.508465,12.754234,.00034661288,.000012379031,3.1859927
2015-03-31,CY000,CY,Kýpros,14.615663,11.081585,8.3848934,18.274855,23.637875,0,0,0,1.5316234,0,1.5151349,1.135772,.41504183,.44237313,71.531654,2.3074727,22.253267,29.073282,8.0501699,31.634789,34.970997,35.591877,0,0,2.934263
2015-04-30,CY000,CY,Kýpros,16.435757,12.267798,8.8200254,20.578358,29.22053,0,0,0,.8435905,0,2.497905,-.65812939,-1.0744325,-1.0668051,17.686913,.58956379,9.6416397,12.012438,10.612387,-5.5473452,-8.9704475,-8.0285091,0,0,2.682251
2015-05-31,CY000,CY,Kýpros,21.806528,17.394873,13.905863,26.312574,34.176796,.42661965,0,0,.010356809,.69442886,2.3112955,.43350077,-.043749407,-.075067766,35.412418,1.1423361,13.033405,18.145424,15.507231,18.283808,12.028778,13.268242,0,0,2.2777631
2015-06-30,CY000,CY,Kýpros,24.264713,20.327391,16.672358,28.313408,32.570732,.054311041,0,0,0,2.2552021,1.7605622,-1.5029998,-1.8558298,-1.800902,6.4658999,.21552999,2.9704177,3.2337868,19.434174,.68560123,.48012748,.6808148,0,0,2.5677023
2015-07-31,CY000,CY,Kýpros,28.225416,23.916754,20.919205,32.611561,35.338909,5.921104,0,0,0,5.7454133,1.3593502,-.24611385,-.67302078,-.67213768,.84693372,.027320445,.43615687,.63129616,30.930595,-1.301936,-1.0941147,-.99356639,-4.3306500e-08,-1.3969839e-09,2.2573173
2015-08-31,CY000,CY,Kýpros,29.436773,25.446133,23.817326,33.77417,37.990623,8.9864635,.42661965,0,0,6.8288159,1.1450025,.96279252,.46292877,.4636856,1.6303896,.052593209,1.0770971,1.1356915,28.354216,-.21361279,-.66452861,-.72476333,4.3306500e-08,1.3969839e-09,2.3606062
2015-09-30,CY000,CY,Kýpros,27.391024,23.356176,20.873589,31.983194,36.727711,5.8230405,0,0,0,4.8793759,2.0179393,1.685498,1.1948329,1.2360029,7.4411769,.24803923,3.7836311,5.8679414,20.582602,1.1907426,-1.1820903,-1.0170298,-1.6763806e-07,-5.5879354e-09,2.038228
2015-10-31,CY000,CY,Kýpros,23.15661,19.761797,16.24958,27.097019,30.972998,0,0,0,0,1.5832658,1.9684886,1.453765,.80920696,.81690025,38.498558,1.241889,12.274873,23.781288,17.682421,10.24799,9.4466228,10.646912,-1.7322600e-07,-5.5879354e-09,1.8877124
2015-11-30,CY000,CY,Kýpros,18.531725,14.854781,11.517289,23.036617,25.640123,0,0,0,.24215604,0,1.3420407,2.0092521,1.286938,1.2092756,10.89667,.36322233,3.7107172,4.6174393,20.213978,-30.565636,-28.347271,-27.250099,0,0,2.4547184
2015-12-31,CY000,CY,Kýpros,13.294725,9.7836971,5.4908566,17.511383,21.106392,0,0,0,2.379312,0,1.3583646,.47986171,.04970777,.013524571,47.409531,1.5293397,24.721216,39.578991,11.51643,-8.7684288,-14.17852,-13.523668,.00010066872,3.2473781e-06,2.3010001
2016-01-31,CY000,CY,Kýpros,11.056958,7.8813896,1.7544625,14.365681,20.002632,0,0,.31952685,4.4430423,0,3.0914948,-.10368094,-.43702209,-.44257173,47.177937,1.5218689,12.794036,15.223588,7.1701202,-11.434863,-15.893826,-14.737131,.00037160638,.000011987303,2.802176
2016-02-29,CY000,CY,Kýpros,14.60288,10.677391,6.2535739,19.129238,24.807858,0,0,0,1.5250571,0,2.2854555,3.2864082,2.6595345,2.6512244,18.124357,.62497783,7.0485787,8.683547,10.386153,-33.567112,-32.729897,-32.484127,-1.6205013e-07,-5.5879354e-09,2.2393568
2016-03-31,CY000,CY,Kýpros,15.891928,11.901774,9.189209,20.12977,26.17226,0,0,0,.98269027,0,1.7350229,2.4120369,1.6913067,1.7186379,23.78532,.76726842,8.3010035,15.459343,13.702402,-16.111544,-12.775335,-12.154454,0,0,3.2510073
2016-04-30,CY000,CY,Kýpros,20.319189,15.326331,11.817883,25.464277,31.125595,0,0,0,.10688112,.56215227,1.8550549,3.2253027,2.8089995,2.816627,13.73422,.45780733,9.0238457,12.350522,17.761448,-9.5000381,-12.923141,-11.981202,0,0,2.101104
2016-05-31,CY000,CY,Kýpros,21.965435,17.670536,13.389474,26.321497,32.441971,.030923063,0,0,.011856145,.74077576,2.234581,.59240699,.11515685,.083838493,23.809526,.76804918,8.9580526,14.087367,17.386589,6.6809144,.42588374,1.6653482,0,0,2.7405589
2016-06-30,CY000,CY,Kýpros,27.261072,22.841831,18.782581,31.776743,37.162209,6.6834731,0,0,0,5.0568986,2.8298395,1.4933583,1.1405283,1.1954561,1.9266768,.064222559,1.4750023,1.8123895,24.649372,-3.853622,-4.0590959,-3.8584085,-1.6763806e-07,-5.5879354e-09,2.4473722
2016-07-31,CY000,CY,Kýpros,29.528248,25.365429,23.242435,33.773884,36.193031,13.508389,0,0,0,7.1248059,.98062998,1.0567169,.62981004,.63069314,1.1394458,.036756314,.81491619,1.0139607,26.79413,-1.009424,-.8016026,-.70105445,-8.6612999e-08,-2.7939677e-09,2.2947044
2016-08-31,CY000,CY,Kýpros,29.037781,25.060717,23.229605,33.463913,35.715141,9.8673363,0,0,0,6.7094736,1.1330248,.56380033,.063936636,.064693443,.17506447,.0056472411,.10874726,.12215493,31,-1.6689378,-2.1198537,-2.1800883,0,0,2.2320464
2016-09-30,CY000,CY,Kýpros,26.300247,22.620247,18.702639,30.384342,33.558788,.49985701,0,0,0,3.8609741,1.5483097,.59472239,.10405727,.14522731,9.1816511,.30605504,2.8830371,4.563365,16.402866,2.9312172,.5583843,.72344482,8.3819032e-08,2.7939677e-09,2.4591825
2016-10-31,CY000,CY,Kýpros,23.419035,19.21077,16.16094,28.013313,31.62191,0,0,0,.0015448863,1.6565702,1.2845538,1.7161885,1.0716304,1.0793236,3.3594182,.10836833,1.7551222,1.8875529,22.009192,-24.891151,-25.692516,-24.492229,0,0,2.0310748
2016-11-30,CY000,CY,Kýpros,17.688005,13.806693,9.4965973,22.105356,25.824627,0,0,0,.47567362,0,1.8161935,1.1655319,.44321772,.36555538,20.224583,.67415279,11.766524,15.208527,27.053719,-21.237722,-19.019358,-17.922186,0,0,2.6846547
2016-12-31,CY000,CY,Kýpros,11.922598,8.9339247,4.7635131,15.054723,19.54339,0,0,.054685969,3.578476,0,1.8783692,-.89226538,-1.3224193,-1.3586025,90.506615,2.9195681,16.01889,30.124533,7.460134,34.328651,28.91856,29.573414,0,0,2.6948104
2017-01-31,CY000,CY,Kýpros,10.66225,7.3260646,2.5634592,14.158348,17.759012,0,0,.20416491,4.8377504,0,1.9282297,-.4983891,-.83173025,-.83727986,42.883652,1.3833436,9.9181747,14.150077,11.423465,-15.72915,-20.188112,-19.031418,.00023847618,7.6927799e-06,2.6942315
2017-02-28,CY000,CY,Kýpros,11.863119,8.048316,3.5380192,15.778904,21.573561,0,0,.091143288,3.7179649,0,2.2577913,.5466463,-.080227338,-.088537402,13.034721,.46552575,5.523356,7.0159512,11.814841,-38.65675,-37.81953,-37.573761,3.4995792e-06,1.2498496e-07,2.2237873
2017-03-31,CY000,CY,Kýpros,14.94646,11.166535,8.4297256,18.792629,23.358009,0,0,0,1.3854034,0,1.5413195,1.4665689,.74583882,.77317005,55.020084,1.7748414,18.895811,31.301523,12.402966,15.123219,18.459429,19.080309,-1.7322600e-07,-5.5879354e-09,2.6603699
2017-04-30,CY000,CY,Kýpros,18.135456,13.932511,11.105672,22.063488,28.125647,0,0,0,.39926195,0,2.1646106,1.0415709,.62526774,.63289517,32.078865,1.0692955,10.324554,17.728579,13.567949,8.8446074,5.4215045,6.3634429,0,0,2.7121897
2017-05-31,CY000,CY,Kýpros,22.14889,17.921682,15.689525,26.234747,32.229267,.030923063,0,0,.0061121457,.69442886,1.8182229,.7758624,.29861224,.26729387,15.551314,.50165528,5.3129687,7.838026,15.74619,-1.5772971,-7.8323274,-6.5928631,-1.7322600e-07,-5.5879354e-09,2.4739082
2017-06-30,CY000,CY,Kýpros,26.704134,22.314426,19.151663,30.89938,37.49955,2.8972073,.085234106,0,0,4.2104511,2.090874,.9364205,.58359051,.63851833,3.5550945,.11850315,2.3427358,2.9300435,20.16172,-2.2252042,-2.4306779,-2.2299907,-8.3819032e-08,-2.7939677e-09,2.2435195
2017-07-31,CY000,CY,Kýpros,30.470127,25.9175,22.928373,34.838261,39.005295,15.587619,1.3262058,0,0,8.133585,1.5099528,1.9985962,1.5716894,1.5725725,.0074952436,.00024178205,.0059362254,.0061862241,31,-2.1413746,-1.9335531,-1.833005,-8.6612999e-08,-2.7939677e-09,2.300797
2017-08-31,CY000,CY,Kýpros,28.910572,25.198549,23.388182,32.892502,35.554897,6.8879275,0,0,0,6.395483,1.0286101,.43659085,-.063272864,-.062516056,3.6629691,.11816029,1.5185168,2.7449291,26.638865,1.8189667,1.3680509,1.3078163,0,0,2.170789
2017-09-30,CY000,CY,Kýpros,27.064705,23.113083,20.345095,31.299004,34.627037,2.3123927,0,0,0,4.6024971,1.6068449,1.3591794,.86851424,.9096843,1.4341793,.047805976,.80441856,1.2858368,29.209625,-4.8162546,-7.1890879,-7.0240273,0,0,2.2124822
2017-10-31,CY000,CY,Kýpros,22.324461,18.350403,15.788037,26.617285,29.520346,0,0,0,.0096925059,.80901605,1.3471426,.62161434,-.022943793,-.015250509,29.810295,.96162248,13.271084,17.146795,16.207731,1.5597264,.75836009,1.9586483,0,0,2.3369553
2017-11-30,CY000,CY,Kýpros,17.241787,13.819588,9.6216908,21.123926,24.589285,0,0,0,.46916565,0,1.7365954,.71931326,-.0030009237,-.080663286,42.69297,1.423099,14.071614,17.310465,11.81871,1.2306646,3.449029,4.5461998,0,0,2.3620901
2017-12-31,CY000,CY,Kýpros,14.425667,10.763099,6.3878384,18.559906,21.454302,0,0,.018228658,1.6561366,0,1.7130233,1.6108036,1.1806498,1.1444665,21.574347,.69594663,6.8077688,10.978157,12.362969,-34.603615,-40.013706,-39.358852,0,0,2.1825852
2018-01-31,CY000,CY,Kýpros,12.705794,9.5552893,5.9232616,16.261824,18.80554,0,0,0,2.7927341,0,1.1377231,1.5451556,1.2118144,1.2062649,85.399635,2.7548268,17.600803,29.845985,7.6299324,26.786833,22.327869,23.484564,0,0,2.624912
2018-02-28,CY000,CY,Kýpros,14.315189,11.000711,8.243021,17.955608,21.040548,0,0,0,1.6416129,0,.95715487,2.9987164,2.3718426,2.3635325,50.698345,1.8106551,16.604774,22.352959,13.161565,-.99312532,-.15590692,.089862727,0,0,2.489295
2018-03-31,CY000,CY,Kýpros,16.854052,12.517435,9.8525572,21.376759,27.763046,0,0,0,.75969028,0,1.4255422,3.3741603,2.6534302,2.6807616,14.085599,.45437416,8.2804661,11.977262,21.858263,-25.811266,-22.475056,-21.854176,-1.7322600e-07,-5.5879354e-09,2.6663132
2018-04-30,CY000,CY,Kýpros,20.187511,15.709029,12.220184,24.781311,29.204552,0,0,0,.05225113,.40839097,2.2586322,3.0936258,2.6773226,2.6849501,13.655205,.45517349,8.6075916,11.820987,17.200405,-9.5790529,-13.002156,-12.060218,-1.6763806e-07,-5.5879354e-09,2.1354537
2018-05-31,CY000,CY,Kýpros,24.3827,20.204754,16.676918,28.617538,34.527241,2.1018002,0,0,0,2.4097435,2.6008646,3.0096722,2.5324221,2.5011036,43.458035,1.401872,12.702975,20.694719,13.757766,26.329424,20.074394,21.313858,0,0,2.3489749
2018-06-30,CY000,CY,Kýpros,26.270235,22.616016,20.112656,30.047239,34.615524,1.3993822,0,0,0,3.7272327,1.4579523,.50252241,.14969245,.20462026,22.51268,.75042266,7.1257439,13.991617,13.026113,16.732382,16.526907,16.727594,0,0,2.6594889
2018-07-31,CY000,CY,Kýpros,29.403875,25.384575,22.208048,33.52195,37.044003,10.600823,0,0,0,7.0962386,1.6592929,.93234622,.50543928,.50632238,1.5391475,.04964992,.64802033,1.1223565,28.45628,-.60972226,-.40190083,-.30135268,0,0,2.6412222
2018-08-31,CY000,CY,Kýpros,29.285353,25.560183,23.808981,33.332043,36.449665,8.619071,0,0,0,6.6994271,1.1843939,.81137085,.31150711,.31226394,3.1098464,.10031763,1.6248837,2.2185438,28.730152,1.2658441,.81492823,.75469357,0,0,2.5070095
2018-09-30,CY000,CY,Kýpros,27.47562,23.646551,21.343014,31.596346,36.101437,2.2846882,0,0,0,4.9086642,1.433862,1.7700953,1.2794303,1.3206003,13.021026,.4340342,6.9173017,11.707586,21.14908,6.7705917,4.397759,4.5628195,0,0,2.2783358
2018-10-31,CY000,CY,Kýpros,22.891367,19.280094,13.959223,26.876322,30.783657,0,0,0,.0034705559,1.2601088,2.1763189,1.1885201,.54396194,.55165523,42.094639,1.3578916,13.906552,22.016308,7.4608154,13.844069,13.042703,14.242991,0,0,2.1218252
2018-11-30,CY000,CY,Kýpros,18.240585,15.064008,12.37275,21.778711,27.865999,0,0,0,.18438932,0,1.811522,1.7181116,.99579746,.91813505,40.054852,1.3351617,10.931556,16.638514,8.0184422,-1.4074538,.81091064,1.9080815,-1.6763806e-07,-5.5879354e-09,2.3120763
2018-12-31,CY000,CY,Kýpros,14.254369,11.494963,6.7730412,17.114168,19.772009,0,0,0,1.6260051,0,1.7272291,1.4395051,1.0093513,.97316802,71.099426,2.29353,13.347302,24.176458,5.7506394,14.921466,9.5113745,10.166227,0,0,2.6225123
2019-01-31,CY000,CY,Kýpros,11.808684,8.9281569,5.2831116,14.976149,19.533152,0,0,0,3.6025445,0,1.4101175,.64804518,.31470403,.30915442,123.30099,3.9774513,26.281166,43.444225,6.888093,64.688187,60.229225,61.385921,.000090322421,2.9136265e-06,3.1580434
2019-02-28,CY000,CY,Kýpros,12.951569,10.093835,7.3605695,15.855323,18.629614,0,0,0,2.681489,0,1.2421097,1.6350956,1.008222,.99991196,124.47529,4.4455462,40.758396,53.924274,4.6020837,72.783821,73.621033,73.866806,1.5646219e-07,5.5879354e-09,3.0461671
2019-03-31,CY000,CY,Kýpros,14.472444,11.004289,7.095283,17.834152,21.843763,0,0,0,1.6651205,0,1.4752492,.99255311,.27182299,.29915425,70.27607,2.2669699,14.340035,26.973431,9.8415031,30.379206,33.715412,34.336296,1.7322600e-07,5.5879354e-09,2.5337498
2019-04-30,CY000,CY,Kýpros,16.740122,13.090336,10.23018,20.346228,27.137432,0,0,0,.62396002,0,2.2720056,-.35376477,-.77006793,-.7624405,51.563847,1.7187948,11.023945,19.537127,11.238412,28.329588,24.906485,25.848423,0,0,2.3174059
2019-05-31,CY000,CY,Kýpros,23.235474,18.519371,13.779155,27.91353,34.822315,2.2617934,0,0,.00088137033,1.6924589,3.3885365,1.8624461,1.3851959,1.3538775,1.6809063,.054222785,.65736127,1.1080381,30.771532,-15.447705,-21.702736,-20.463272,-1.7322600e-07,-5.5879354e-09,2.4009745
2019-06-30,CY000,CY,Kýpros,26.476946,22.710865,19.165424,30.35511,34.510838,1.5466262,0,0,0,3.8242173,1.6831517,.70923334,.35640338,.41133121,20.454245,.68180817,6.2213044,12.503705,11.493814,14.673945,14.468472,14.669159,0,0,2.1898732
2019-07-31,CY000,CY,Kýpros,28.880806,24.830593,23.115501,33.009678,36.297215,8.2631674,0,0,0,6.3977675,1.2729466,.4092764,-.01763051,-.016747428,1.3853521,.04468878,.72993189,1.0639871,30.137188,-.76351762,-.55569625,-.45514804,0,0,2.6664362
2019-08-31,CY000,CY,Kýpros,29.428749,25.440855,23.505606,33.660542,36.180759,11.38294,0,0,0,7.0901747,.89320409,.95476705,.4549033,.45566013,4.0675421,.13121104,2.3830192,2.9178739,18.721315,2.2235398,1.772624,1.7123893,8.6612999e-08,2.7939677e-09,2.2969718
2019-09-30,CY000,CY,Kýpros,26.933813,23.266972,20.510918,30.960621,33.629177,.58107859,0,0,0,4.5159702,1.1763055,1.2282888,.73762363,.77879369,10.959682,.36532274,6.5024886,9.2025661,15.011417,4.7092481,2.3364148,2.5014756,0,0,2.109338
2019-10-31,CY000,CY,Kýpros,23.785439,20.357338,16.111147,27.62414,32.26516,0,0,0,0,1.8008151,2.2588089,2.0825932,1.438035,1.4457283,39.464062,1.2730343,12.323446,18.661089,13.278153,11.213493,10.412127,11.612415,0,0,2.1515977
2019-11-30,CY000,CY,Kýpros,19.150396,15.684955,11.649712,23.497856,27.033581,0,0,0,.092277817,0,2.0046639,2.6279221,1.9056079,1.8279456,30.494884,1.0164962,16.36301,18.761528,13.085325,-10.967422,-8.7490568,-7.651886,-1.6763806e-07,-5.5879354e-09,2.3497424
2019-12-31,CY000,CY,Kýpros,13.934501,10.941103,8.5534458,17.47212,21.322718,0,0,0,1.8186713,0,1.3691661,1.1196376,.68948364,.65330046,96.668228,3.11833,20.653685,36.633095,7.7007985,40.490269,35.080177,35.735031,-1.7322600e-07,-5.5879354e-09,2.3257847
2020-01-31,CY000,CY,Kýpros,11.624147,8.8792171,4.745635,14.518773,17.398113,0,0,.071744464,3.8758526,0,1.1505432,.46350858,.13016742,.12461781,86.550789,2.791961,23.129025,38.18668,7.5361605,27.937992,23.479029,24.635725,0,0,2.9520786
2020-02-29,CY000,CY,Kýpros,12.059598,9.0019016,2.9399667,15.262309,19.166227,0,0,.10266753,3.4096813,0,2.2372003,.74312484,.11625123,.10794117,51.612125,1.7797284,11.940811,15.383853,5.5614839,-.079344444,.75787395,1.0036436,3.0602055e-06,1.0552433e-07,3.0138288
2020-03-31,CY000,CY,Kýpros,14.510583,11.060789,6.4157434,18.092979,21.431402,0,0,0,1.5812486,0,1.8605496,1.0306921,.30996197,.33729327,66.170197,2.1345224,35.115891,44.319836,7.1021152,26.273333,29.609541,30.230421,0,0,2.9408693
2020-04-30,CY000,CY,Kýpros,17.312696,13.292726,10.016507,21.38829,25.103161,0,0,0,.5662204,0,1.5993469,.21881065,-.1974925,-.18986511,40.985821,1.366194,13.120042,21.611214,12.964031,17.751564,14.328461,15.270399,0,0,2.5015604
2020-05-31,CY000,CY,Kýpros,22.442245,17.911497,13.664376,26.759573,37.449409,4.648634,.054311041,0,.0050340798,.89750564,4.2324495,1.0692179,.5919677,.56064934,15.102391,.48717391,9.6076775,10.593093,25.663191,-2.0262201,-8.281251,-7.0417862,0,0,2.7488291
2020-06-30,CY000,CY,Kýpros,24.43964,20.08951,15.794435,28.553066,33.204067,.25570232,0,0,0,2.318392,2.2353637,-1.3280729,-1.6809028,-1.625975,1.3077606,.043592017,.50849569,.71797788,29.646053,-4.472538,-4.6780119,-4.4773245,0,0,2.5094929
2020-07-31,CY000,CY,Kýpros,28.729086,24.329676,22.32679,33.072773,36.794125,9.4453697,0,0,0,6.1949611,1.1882381,.25755668,-.16935022,-.16846713,.29051426,.0093714278,.27346864,.27982962,28.669621,-1.8583555,-1.650534,-1.5499859,0,0,2.0933828
2020-08-31,CY000,CY,Kýpros,29.088915,25.031391,23.332743,33.419361,36.509087,9.7258492,0,0,0,6.7142982,1.0364683,.61493421,.11507048,.11582729,.72848392,.023499481,.56089377,.71467805,27.265673,-1.1155185,-1.5664343,-1.6266689,1.7322600e-07,5.5879354e-09,2.3781199
2020-09-30,CY000,CY,Kýpros,28.342588,24.249571,21.933926,32.857975,38.334686,6.7734895,.42661965,0,0,5.8549948,1.6220062,2.6370645,2.1463993,2.1875694,2.9557433,.098524779,2.101752,2.1128223,26.130566,-3.2946908,-5.6675239,-5.5024633,-8.3819032e-08,-2.7939677e-09,2.2571161
2020-10-31,CY000,CY,Kýpros,24.341953,20.457975,17.888205,28.838528,33.169662,.085234106,0,0,0,2.5692828,1.5593621,2.6391065,1.9945484,2.0022416,2.7498229,.08870396,1.0580876,1.1645495,25.346418,-25.500748,-26.302114,-25.101826,-3.4645200e-07,-1.1175871e-08,2.0901527
2020-11-30,CY000,CY,Kýpros,18.077074,15.291567,11.622839,21.600229,25.737841,0,0,0,.12859261,0,2.0210702,1.5545998,.83228552,.75462317,74.27594,2.4758646,11.568717,21.361547,3.9387655,32.813633,35.031998,36.129169,0,0,2.1228991
2020-12-31,CY000,CY,Kýpros,14.763361,11.816365,8.4099445,18.523542,20.676331,0,0,0,1.1763397,0,1.1021365,1.9484973,1.5183434,1.4821602,53.897705,1.7386355,14.822812,27.302485,15.091155,-2.2802565,-7.6903481,-7.0354953,0,0,2.1987092
2021-01-31,CY000,CY,Kýpros,13.412497,10.424955,5.2521777,17.059719,21.055927,0,0,.018228658,2.1721029,0,2.2895775,2.2518582,1.918517,1.9129673,60.747192,1.9595867,15.402801,27.793242,12.00403,2.1343904,-2.324573,-1.1678772,0,0,2.9703491
2021-02-28,CY000,CY,Kýpros,13.360541,9.9123812,5.1349573,17.289482,20.621672,0,0,.018228658,2.3470116,0,2.2840629,2.0440686,1.417195,1.4088849,17.246365,.61594158,8.9410791,14.897105,14.23208,-34.445107,-33.607887,-33.362118,.000084703315,3.0251185e-06,2.5498054
2021-03-31,CY000,CY,Kýpros,13.936068,10.364923,7.4617438,17.765415,22.530388,0,0,0,2.0011461,0,1.5473032,.45617685,-.26455328,-.23722202,33.956047,1.0953563,8.1660089,11.477899,10.463279,-5.9408183,-2.6046095,-1.9837286,0,0,3.0923531
2021-04-30,CY000,CY,Kýpros,17.864317,13.290405,8.0175304,22.503525,30.545574,0,0,0,.55686122,0,3.7190769,.77043021,.35412705,.36175445,18.174286,.60580951,8.7739353,10.943352,18.626387,-5.0599718,-8.4830742,-7.5411358,-1.6763806e-07,-5.5879354e-09,2.3739192
2021-05-31,CY000,CY,Kýpros,23.46689,18.740274,16.530136,28.185411,32.106312,.030923063,0,0,0,2.0385425,1.3950623,2.0938621,1.616612,1.5852937,.014008081,.00045187358,.012106801,.012289679,31,-17.114603,-23.369635,-22.130169,0,0,2.1466792
2021-06-30,CY000,CY,Kýpros,25.294771,21.194361,18.031172,29.117201,35.672153,2.734051,0,0,0,2.7481472,2.5482321,-.47294125,-.82577121,-.77084339,4.1358566,.13786189,2.9287367,3.2215369,22.147301,-1.6444421,-1.8499157,-1.6492285,0,0,2.5342889
2021-07-31,CY000,CY,Kýpros,29.809622,25.776093,22.872835,33.925446,36.77552,11.997102,0,0,0,7.2852993,1.3907559,1.3380914,.91118443,.91206753,.30651087,.0098874476,.22584984,.27069223,31,-1.8423588,-1.6345375,-1.5339893,0,0,2.4408007
2021-08-31,CY000,CY,Kýpros,29.989475,25.983727,22.849216,34.289764,38.174362,12.909816,.42661965,0,0,7.3234682,1.4090362,1.515493,1.0156293,1.0163862,2.5119262,.081029877,1.5716561,1.9910631,23.379461,.66792393,.2170081,.15677342,-8.6612999e-08,-2.7939677e-09,2.3674691
2021-09-30,CY000,CY,Kýpros,25.948809,22.18857,19.322811,29.988544,32.706814,0,0,0,0,3.6711304,1.5077097,.24328342,-.24738169,-.20621166,10.250076,.3416692,5.8479438,9.0309401,15.03673,3.9996419,1.6268089,1.7918694,1.6763806e-07,5.5879354e-09,2.3910589
2021-10-31,CY000,CY,Kýpros,22.342932,18.595373,16.147099,26.494629,29.419983,0,0,0,.0077086766,.8202557,1.4183249,.64008629,-.0044718236,.0032214599,6.5482483,.21123382,3.3065178,4.3320413,22.392021,-21.70232,-22.503687,-21.303398,0,0,2.1892869
2021-11-30,CY000,CY,Kýpros,19.091467,15.745648,13.039474,23.250134,27.991787,0,0,0,.081964605,0,1.8769908,2.5689931,1.846679,1.7690166,36.723061,1.224102,9.2810879,17.421188,16.114727,-4.7392454,-2.5208812,-1.4237101,1.6763806e-07,5.5879354e-09,2.3263023
2021-12-31,CY000,CY,Kýpros,13.98254,11.294262,6.626749,16.868963,20.958076,0,0,0,1.7883418,0,2.0362294,1.1676768,.7375229,.70133966,83.39035,2.6900113,20.638283,30.828182,6.9726667,27.212391,21.802299,22.457151,0,0,2.7763448
2022-01-31,CY000,CY,Kýpros,11.188636,8.3833971,4.1650243,14.208982,19.248148,0,0,.21640356,4.3113637,0,2.6734085,.027997306,-.30534387,-.31089348,98.667259,3.1828148,19.770081,31.919201,7.5351896,40.054459,35.595497,36.752193,.00047714158,.000015391663,2.9596736
2022-02-28,CY000,CY,Kýpros,12.648666,9.2065077,6.373755,16.310034,19.263308,0,0,0,2.9648402,0,1.393236,1.3321942,.7053206,.69701052,32.694702,1.167668,9.7475653,10.768954,11.254559,-18.996765,-18.159548,-17.913778,0,0,2.3891203
2022-03-31,CY000,CY,Kýpros,11.146413,8.064395,4.4323807,14.318231,21.013418,0,0,.17994624,4.3535867,0,2.6874318,-2.3334773,-3.0542073,-3.0268762,48.290401,1.5577549,11.371305,20.253036,7.4513826,8.3935385,11.729747,12.350628,.00052963657,.000017085051,3.0999885
2022-04-30,CY000,CY,Kýpros,18.623854,14.05758,10.652663,23.406179,29.61941,0,0,0,.37072682,0,2.1559873,1.5299677,1.1136645,1.1212919,.74012572,.024670858,.50588292,.51407105,29.349958,-22.494133,-25.917234,-24.975296,0,0,2.5808239
2022-05-31,CY000,CY,Kýpros,22.062841,17.76079,14.667001,26.187031,32.267986,0,0,0,.0089282533,.66577876,2.4393864,.68981427,.2125641,.18124574,8.1297379,.26224959,2.5063009,2.8777883,15.61185,-8.9988737,-15.253904,-14.014441,0,0,2.4896193
2022-06-30,CY000,CY,Kýpros,25.69294,21.571783,18.853275,29.480728,33.509743,.49362507,0,0,0,3.2587957,1.4780707,-.074773222,-.42760319,-.37267539,8.3602943,.27867648,3.3572598,4.6782804,16.136463,2.5799956,2.3745217,2.5752091,0,0,2.4248116
2022-07-31,CY000,CY,Kýpros,29.115576,24.85935,22.426888,33.259392,35.3941,9.9350672,0,0,0,6.5161834,1.153565,.64404607,.21713915,.21802224,.094544843,.0030498335,.092420377,.092827752,31,-2.0543249,-1.8465035,-1.7459553,0,0,2.6241636
2022-08-31,CY000,CY,Kýpros,28.228769,24.285757,22.641748,32.313293,34.411179,3.0611558,0,0,0,5.7504854,.75917363,-.24521202,-.74507576,-.7443189,1.105472,.035660386,.48710328,.64295757,30.353851,-.73853028,-1.1894461,-1.2496808,0,0,2.3216484
2022-09-30,CY000,CY,Kýpros,26.596725,22.558773,19.28336,30.790749,33.308521,.22477925,0,0,0,4.1275172,1.5007008,.8912015,.40053642,.44170645,2.1592591,.071975306,1.8577079,1.8700737,26.070526,-4.0911751,-6.4640083,-6.2989473,0,0,2.3880169
2022-10-31,CY000,CY,Kýpros,22.674143,19.359522,16.274738,26.506918,33.709,.59307534,0,0,.0027372164,1.0799683,2.0877812,.97129744,.32673931,.3344326,37.366573,1.2053733,12.274346,21.532057,11.197975,9.116003,8.3146362,9.514925,1.7322600e-07,5.5879354e-09,2.2695184
2022-11-30,CY000,CY,Kýpros,18.091534,14.953649,11.956145,21.947733,25.047897,0,0,0,.1998941,0,1.3761907,1.5690602,.84674603,.76908368,34.436958,1.1478987,10.481598,17.24136,10.582703,-7.0253453,-4.8069806,-3.7098098,0,0,2.1694143
2022-12-31,CY000,CY,Kýpros,15.3767,12.347486,9.3528776,19.163794,21.594357,0,0,0,.79939187,0,1.1613052,2.5618367,2.1316826,2.0954995,30.523729,.98463643,15.536387,17.946789,9.4584074,-25.65423,-31.064322,-30.40947,0,0,1.94805
